name,first_release,first_date,last_release,last_date,present_now,ever_zone,ever_link,final_state,final_target,demotions,releases_present
Africa/Abidjan,tzdata93g,1993-11-22,tzdata2026c,2026-07-08,1,1,0,Z,,0,272
Africa/Accra,tzdata93g,1993-11-22,tzdata2026c,2026-07-08,1,1,1,L,Africa/Abidjan,1,272
Africa/Addis_Ababa,tzdata93g,1993-11-22,tzdata2026c,2026-07-08,1,1,1,L,Africa/Nairobi,1,272
Africa/Algiers,tzdata93g,1993-11-22,tzdata2026c,2026-07-08,1,1,0,Z,,0,272
Africa/Asmara,tzdata2007a,2007-01-08,tzdata2026c,2026-07-08,1,1,1,L,Africa/Nairobi,1,161
Africa/Asmera,tzdata93g,1993-11-22,tzdata2026c,2026-07-08,1,1,1,L,Africa/Nairobi,1,272
Africa/Bamako,tzdata93g,1993-11-22,tzdata2026c,2026-07-08,1,1,1,L,Africa/Abidjan,1,272
Africa/Bangui,tzdata93g,1993-11-22,tzdata2026c,2026-07-08,1,1,1,L,Africa/Lagos,1,272
Africa/Banjul,tzdata93g,1993-11-22,tzdata2026c,2026-07-08,1,1,1,L,Africa/Abidjan,1,272
Africa/Bissau,tzdata93g,1993-11-22,tzdata2026c,2026-07-08,1,1,0,Z,,0,272
Africa/Blantyre,tzdata93g,1993-11-22,tzdata2026c,2026-07-08,1,1,1,L,Africa/Maputo,1,272
Africa/Brazzaville,tzdata93g,1993-11-22,tzdata2026c,2026-07-08,1,1,1,L,Africa/Lagos,1,272
Africa/Bujumbura,tzdata93g,1993-11-22,tzdata2026c,2026-07-08,1,1,1,L,Africa/Maputo,1,272
Africa/Cairo,tzdata93g,1993-11-22,tzdata2026c,2026-07-08,1,1,0,Z,,0,272
Africa/Casablanca,tzdata93g,1993-11-22,tzdata2026c,2026-07-08,1,1,0,Z,,0,272
Africa/Ceuta,tzdata96k,1996-09-08,tzdata2026c,2026-07-08,1,1,0,Z,,0,247
Africa/Conakry,tzdata93g,1993-11-22,tzdata2026c,2026-07-08,1,1,1,L,Africa/Abidjan,1,272
Africa/Dakar,tzdata93g,1993-11-22,tzdata2026c,2026-07-08,1,1,1,L,Africa/Abidjan,1,272
Africa/Dar_es_Salaam,tzdata93g,1993-11-22,tzdata2026c,2026-07-08,1,1,1,L,Africa/Nairobi,1,272
Africa/Djibouti,tzdata93g,1993-11-22,tzdata2026c,2026-07-08,1,1,1,L,Africa/Nairobi,1,272
Africa/Douala,tzdata93g,1993-11-22,tzdata2026c,2026-07-08,1,1,1,L,Africa/Lagos,1,272
Africa/El_Aaiun,tzdata96k,1996-09-08,tzdata2026c,2026-07-08,1,1,0,Z,,0,247
Africa/Freetown,tzdata93g,1993-11-22,tzdata2026c,2026-07-08,1,1,1,L,Africa/Abidjan,1,272
Africa/Gaborone,tzdata93g,1993-11-22,tzdata2026c,2026-07-08,1,1,1,L,Africa/Maputo,1,272
Africa/Harare,tzdata93g,1993-11-22,tzdata2026c,2026-07-08,1,1,1,L,Africa/Maputo,1,272
Africa/Johannesburg,tzdata93g,1993-11-22,tzdata2026c,2026-07-08,1,1,0,Z,,0,272
Africa/Juba,tzdata2011i,2011-08-17,tzdata2026c,2026-07-08,1,1,1,Z,,1,97
Africa/Kampala,tzdata93g,1993-11-22,tzdata2026c,2026-07-08,1,1,1,L,Africa/Nairobi,1,272
Africa/Khartoum,tzdata93g,1993-11-22,tzdata2026c,2026-07-08,1,1,0,Z,,0,272
Africa/Kigali,tzdata93g,1993-11-22,tzdata2026c,2026-07-08,1,1,1,L,Africa/Maputo,1,272
Africa/Kinshasa,tzdata93g,1993-11-22,tzdata2026c,2026-07-08,1,1,1,L,Africa/Lagos,1,272
Africa/Lagos,tzdata93g,1993-11-22,tzdata2026c,2026-07-08,1,1,0,Z,,0,272
Africa/Libreville,tzdata93g,1993-11-22,tzdata2026c,2026-07-08,1,1,1,L,Africa/Lagos,1,272
Africa/Lome,tzdata93g,1993-11-22,tzdata2026c,2026-07-08,1,1,1,L,Africa/Abidjan,1,272
Africa/Luanda,tzdata93g,1993-11-22,tzdata2026c,2026-07-08,1,1,1,L,Africa/Lagos,1,272
Africa/Lubumbashi,tzdata96k,1996-09-08,tzdata2026c,2026-07-08,1,1,1,L,Africa/Maputo,1,247
Africa/Lumumbashi,tzdata93g,1993-11-22,tzdata96i,1996-07-01,0,1,0,Z,,0,25
Africa/Lusaka,tzdata93g,1993-11-22,tzdata2026c,2026-07-08,1,1,1,L,Africa/Maputo,1,272
Africa/Malabo,tzdata93g,1993-11-22,tzdata2026c,2026-07-08,1,1,1,L,Africa/Lagos,1,272
Africa/Maputo,tzdata93g,1993-11-22,tzdata2026c,2026-07-08,1,1,0,Z,,0,272
Africa/Maseru,tzdata93g,1993-11-22,tzdata2026c,2026-07-08,1,1,1,L,Africa/Johannesburg,1,272
Africa/Mbabane,tzdata93g,1993-11-22,tzdata2026c,2026-07-08,1,1,1,L,Africa/Johannesburg,1,272
Africa/Mogadishu,tzdata93g,1993-11-22,tzdata2026c,2026-07-08,1,1,1,L,Africa/Nairobi,1,272
Africa/Monrovia,tzdata93g,1993-11-22,tzdata2026c,2026-07-08,1,1,0,Z,,0,272
Africa/Nairobi,tzdata93g,1993-11-22,tzdata2026c,2026-07-08,1,1,0,Z,,0,272
Africa/Ndjamena,tzdata93g,1993-11-22,tzdata2026c,2026-07-08,1,1,0,Z,,0,272
Africa/Niamey,tzdata93g,1993-11-22,tzdata2026c,2026-07-08,1,1,1,L,Africa/Lagos,1,272
Africa/Nouakchott,tzdata93g,1993-11-22,tzdata2026c,2026-07-08,1,1,1,L,Africa/Abidjan,1,272
Africa/Ouagadougou,tzdata93g,1993-11-22,tzdata2026c,2026-07-08,1,1,1,L,Africa/Abidjan,1,272
Africa/Porto-Novo,tzdata93g,1993-11-22,tzdata2026c,2026-07-08,1,1,1,L,Africa/Lagos,1,272
Africa/Sao_Tome,tzdata93g,1993-11-22,tzdata2026c,2026-07-08,1,1,1,Z,,1,272
Africa/Timbuktu,tzdata93g,1993-11-22,tzdata2026c,2026-07-08,1,1,1,L,Africa/Abidjan,1,272
Africa/Tripoli,tzdata93g,1993-11-22,tzdata2026c,2026-07-08,1,1,0,Z,,0,272
Africa/Tunis,tzdata93g,1993-11-22,tzdata2026c,2026-07-08,1,1,0,Z,,0,272
Africa/Windhoek,tzdata93g,1993-11-22,tzdata2026c,2026-07-08,1,1,0,Z,,0,272
America/Adak,tzdata95m,1995-12-21,tzdata2026c,2026-07-08,1,1,0,Z,,0,255
America/Anchorage,tzdata93g,1993-11-22,tzdata2026c,2026-07-08,1,1,0,Z,,0,272
America/Anguilla,tzdata93g,1993-11-22,tzdata2026c,2026-07-08,1,1,1,L,America/Puerto_Rico,1,272
America/Antigua,tzdata93g,1993-11-22,tzdata2026c,2026-07-08,1,1,1,L,America/Puerto_Rico,1,272
America/Araguaina,tzdata1999b,1999-02-01,tzdata2026c,2026-07-08,1,1,0,Z,,0,225
America/Argentina/Buenos_Aires,tzdata2004b,2004-07-19,tzdata2026c,2026-07-08,1,1,0,Z,,0,195
America/Argentina/Catamarca,tzdata2004b,2004-07-19,tzdata2026c,2026-07-08,1,1,0,Z,,0,195
America/Argentina/ComodRivadavia,tzdata2004b,2004-07-19,tzdata2026c,2026-07-08,1,1,1,L,America/Argentina/Catamarca,1,195
America/Argentina/Cordoba,tzdata2004b,2004-07-19,tzdata2026c,2026-07-08,1,1,0,Z,,0,195
America/Argentina/Jujuy,tzdata2004b,2004-07-19,tzdata2026c,2026-07-08,1,1,0,Z,,0,195
America/Argentina/La_Rioja,tzdata2004b,2004-07-19,tzdata2026c,2026-07-08,1,1,0,Z,,0,195
America/Argentina/Mendoza,tzdata2004b,2004-07-19,tzdata2026c,2026-07-08,1,1,0,Z,,0,195
America/Argentina/Rio_Gallegos,tzdata2004b,2004-07-19,tzdata2026c,2026-07-08,1,1,0,Z,,0,195
America/Argentina/Salta,tzdata2008i,2008-10-21,tzdata2026c,2026-07-08,1,1,0,Z,,0,142
America/Argentina/San_Juan,tzdata2004b,2004-07-19,tzdata2026c,2026-07-08,1,1,0,Z,,0,195
America/Argentina/San_Luis,tzdata2008b,2008-03-24,tzdata2026c,2026-07-08,1,1,0,Z,,0,149
America/Argentina/Tucuman,tzdata2004b,2004-07-19,tzdata2026c,2026-07-08,1,1,0,Z,,0,195
America/Argentina/Ushuaia,tzdata2004b,2004-07-19,tzdata2026c,2026-07-08,1,1,0,Z,,0,195
America/Aruba,tzdata95k,1995-10-30,tzdata2026c,2026-07-08,1,1,1,L,America/Puerto_Rico,1,257
America/Asuncion,tzdata93g,1993-11-22,tzdata2026c,2026-07-08,1,1,0,Z,,0,272
America/Atikokan,tzdata2006j,2006-08-21,tzdata2026c,2026-07-08,1,1,1,L,America/Panama,1,168
America/Atka,tzdata93g,1993-11-22,tzdata2026c,2026-07-08,1,1,1,L,America/Adak,1,272
America/Bahia,tzdata2003d,2003-10-06,tzdata2026c,2026-07-08,1,1,0,Z,,0,198
America/Bahia_Banderas,tzdata2010j,2010-05-10,tzdata2026c,2026-07-08,1,1,0,Z,,0,111
America/Barbados,tzdata93g,1993-11-22,tzdata2026c,2026-07-08,1,1,0,Z,,0,272
America/Belem,tzdata1999b,1999-02-01,tzdata2026c,2026-07-08,1,1,0,Z,,0,225
America/Belize,tzdata93g,1993-11-22,tzdata2026c,2026-07-08,1,1,0,Z,,0,272
America/Blanc-Sablon,tzdata2006j,2006-08-21,tzdata2026c,2026-07-08,1,1,1,L,America/Puerto_Rico,1,168
America/Boa_Vista,tzdata1999i,1999-11-08,tzdata2026c,2026-07-08,1,1,0,Z,,0,218
America/Bogota,tzdata93g,1993-11-22,tzdata2026c,2026-07-08,1,1,0,Z,,0,272
America/Boise,tzdata95m,1995-12-21,tzdata2026c,2026-07-08,1,1,0,Z,,0,255
America/Buenos_Aires,tzdata93g,1993-11-22,tzdata2026c,2026-07-08,1,1,1,L,America/Argentina/Buenos_Aires,1,271
America/Cambridge_Bay,tzdata1999f,1999-09-23,tzdata2026c,2026-07-08,1,1,0,Z,,0,221
America/Campo_Grande,tzdata2003d,2003-10-06,tzdata2026c,2026-07-08,1,1,0,Z,,0,198
America/Cancun,tzdata1998h,1998-09-24,tzdata2026c,2026-07-08,1,1,0,Z,,0,228
America/Caracas,tzdata93g,1993-11-22,tzdata2026c,2026-07-08,1,1,0,Z,,0,272
America/Catamarca,tzdata1996n,1996-12-28,tzdata2026c,2026-07-08,1,1,1,L,America/Argentina/Catamarca,1,245
America/Cayenne,tzdata93g,1993-11-22,tzdata2026c,2026-07-08,1,1,0,Z,,0,272
America/Cayman,tzdata93g,1993-11-22,tzdata2026c,2026-07-08,1,1,1,L,America/Panama,2,272
America/Chicago,tzdata93g,1993-11-22,tzdata2026c,2026-07-08,1,1,0,Z,,0,272
America/Chihuahua,tzdata1998h,1998-09-24,tzdata2026c,2026-07-08,1,1,0,Z,,0,228
America/Ciudad_Juarez,tzdata2022g,2022-11-29,tzdata2026c,2026-07-08,1,1,0,Z,,0,13
America/Coral_Harbour,tzdata2005l,2005-08-22,tzdata2026c,2026-07-08,1,1,1,L,America/Panama,1,181
America/Cordoba,tzdata1996n,1996-12-28,tzdata2026c,2026-07-08,1,1,1,L,America/Argentina/Cordoba,1,245
America/Costa_Rica,tzdata93g,1993-11-22,tzdata2026c,2026-07-08,1,1,0,Z,,0,272
America/Coyhaique,tzdata2025b,2025-03-22,tzdata2026c,2026-07-08,1,1,0,Z,,0,5
America/Creston,tzdata2012a,2012-03-01,tzdata2026c,2026-07-08,1,1,1,L,America/Phoenix,1,91
America/Cuiaba,tzdata1996n,1996-12-28,tzdata2026c,2026-07-08,1,1,0,Z,,0,245
America/Curacao,tzdata93g,1993-11-22,tzdata2026c,2026-07-08,1,1,1,L,America/Puerto_Rico,1,272
America/Danmarkshavn,tzdata2001d,2001-10-09,tzdata2026c,2026-07-08,1,1,0,Z,,0,205
America/Dawson,tzdata96i,1996-07-01,tzdata2026c,2026-07-08,1,1,0,Z,,0,248
America/Dawson_Creek,tzdata96i,1996-07-01,tzdata2026c,2026-07-08,1,1,0,Z,,0,248
America/Denver,tzdata93g,1993-11-22,tzdata2026c,2026-07-08,1,1,0,Z,,0,272
America/Detroit,tzdata93g,1993-11-22,tzdata2026c,2026-07-08,1,1,0,Z,,0,272
America/Dominica,tzdata93g,1993-11-22,tzdata2026c,2026-07-08,1,1,1,L,America/Puerto_Rico,1,272
America/Edmonton,tzdata93g,1993-11-22,tzdata2026c,2026-07-08,1,1,0,Z,,0,272
America/Eirunepe,tzdata2000h,2000-12-14,tzdata2026c,2026-07-08,1,1,0,Z,,0,209
America/El_Salvador,tzdata93g,1993-11-22,tzdata2026c,2026-07-08,1,1,0,Z,,0,272
America/Ensenada,tzdata93g,1993-11-22,tzdata2026c,2026-07-08,1,1,1,L,America/Tijuana,1,272
America/Fort_Nelson,tzdata2015g,2015-10-01,tzdata2026c,2026-07-08,1,1,0,Z,,0,56
America/Fort_Wayne,tzdata93g,1993-11-22,tzdata2026c,2026-07-08,1,1,1,L,America/Indiana/Indianapolis,1,272
America/Fortaleza,tzdata1996n,1996-12-28,tzdata2026c,2026-07-08,1,1,0,Z,,0,245
America/Glace_Bay,tzdata96i,1996-07-01,tzdata2026c,2026-07-08,1,1,0,Z,,0,248
America/Godthab,tzdata93g,1993-11-22,tzdata2026c,2026-07-08,1,1,1,L,America/Nuuk,1,272
America/Goose_Bay,tzdata1996n,1996-12-28,tzdata2026c,2026-07-08,1,1,0,Z,,0,245
America/Grand_Turk,tzdata93g,1993-11-22,tzdata2026c,2026-07-08,1,1,0,Z,,0,272
America/Grenada,tzdata93g,1993-11-22,tzdata2026c,2026-07-08,1,1,1,L,America/Puerto_Rico,1,272
America/Guadeloupe,tzdata93g,1993-11-22,tzdata2026c,2026-07-08,1,1,1,L,America/Puerto_Rico,1,272
America/Guatemala,tzdata93g,1993-11-22,tzdata2026c,2026-07-08,1,1,0,Z,,0,272
America/Guayaquil,tzdata93g,1993-11-22,tzdata2026c,2026-07-08,1,1,0,Z,,0,272
America/Guyana,tzdata93g,1993-11-22,tzdata2026c,2026-07-08,1,1,0,Z,,0,272
America/Halifax,tzdata93g,1993-11-22,tzdata2026c,2026-07-08,1,1,0,Z,,0,272
America/Havana,tzdata93g,1993-11-22,tzdata2026c,2026-07-08,1,1,0,Z,,0,272
America/Hermosillo,tzdata2000a,2000-01-18,tzdata2026c,2026-07-08,1,1,0,Z,,0,216
America/Indiana/Indianapolis,tzdata95m,1995-12-21,tzdata2026c,2026-07-08,1,1,1,Z,,0,255
America/Indiana/Knox,tzdata95m,1995-12-21,tzdata2026c,2026-07-08,1,1,0,Z,,0,255
America/Indiana/Marengo,tzdata95m,1995-12-21,tzdata2026c,2026-07-08,1,1,0,Z,,0,255
America/Indiana/Petersburg,tzdata2006a,2006-01-30,tzdata2026c,2026-07-08,1,1,0,Z,,0,174
America/Indiana/Tell_City,tzdata2007g,2007-08-20,tzdata2026c,2026-07-08,1,1,0,Z,,0,155
America/Indiana/Vevay,tzdata95m,1995-12-21,tzdata2026c,2026-07-08,1,1,0,Z,,0,255
America/Indiana/Vincennes,tzdata2006a,2006-01-30,tzdata2026c,2026-07-08,1,1,0,Z,,0,174
America/Indiana/Winamac,tzdata2007c,2007-02-26,tzdata2026c,2026-07-08,1,1,0,Z,,0,159
America/Indianapolis,tzdata95m,1995-12-21,tzdata2026c,2026-07-08,1,1,1,L,America/Indiana/Indianapolis,1,255
America/Inuvik,tzdata96i,1996-07-01,tzdata2026c,2026-07-08,1,1,0,Z,,0,248
America/Iqaluit,tzdata96i,1996-07-01,tzdata2026c,2026-07-08,1,1,0,Z,,0,248
America/Jamaica,tzdata93g,1993-11-22,tzdata2026c,2026-07-08,1,1,0,Z,,0,272
America/Jujuy,tzdata1996n,1996-12-28,tzdata2026c,2026-07-08,1,1,1,L,America/Argentina/Jujuy,1,245
America/Juneau,tzdata95m,1995-12-21,tzdata2026c,2026-07-08,1,1,0,Z,,0,255
America/Kentucky/Louisville,tzdata2000g,2000-10-10,tzdata2026c,2026-07-08,1,1,1,Z,,0,210
America/Kentucky/Monticello,tzdata2000g,2000-10-10,tzdata2026c,2026-07-08,1,1,0,Z,,0,210
America/Knox_IN,tzdata93g,1993-11-22,tzdata2026c,2026-07-08,1,1,1,L,America/Indiana/Knox,1,272
America/Kralendijk,tzdata2011h,2011-06-15,tzdata2026c,2026-07-08,1,0,1,L,America/Puerto_Rico,0,98
America/La_Paz,tzdata93g,1993-11-22,tzdata2026c,2026-07-08,1,1,0,Z,,0,271
America/Lima,tzdata93g,1993-11-22,tzdata2026c,2026-07-08,1,1,0,Z,,0,272
America/Los_Angeles,tzdata93g,1993-11-22,tzdata2026c,2026-07-08,1,1,0,Z,,0,272
America/Louisville,tzdata95m,1995-12-21,tzdata2026c,2026-07-08,1,1,1,L,America/Kentucky/Louisville,1,255
America/Lower_Princes,tzdata2011h,2011-06-15,tzdata2026c,2026-07-08,1,0,1,L,America/Puerto_Rico,0,98
America/Maceio,tzdata1996n,1996-12-28,tzdata2026c,2026-07-08,1,1,0,Z,,0,245
America/Managua,tzdata93g,1993-11-22,tzdata2026c,2026-07-08,1,1,0,Z,,0,272
America/Manaus,tzdata93g,1993-11-22,tzdata2026c,2026-07-08,1,1,0,Z,,0,272
America/Marigot,tzdata2007j,2007-12-03,tzdata2026c,2026-07-08,1,0,1,L,America/Puerto_Rico,0,152
America/Martinique,tzdata93g,1993-11-22,tzdata2026c,2026-07-08,1,1,0,Z,,0,272
America/Matamoros,tzdata2010b,2010-01-20,tzdata2026c,2026-07-08,1,1,0,Z,,0,119
America/Mazatlan,tzdata93g,1993-11-22,tzdata2026c,2026-07-08,1,1,0,Z,,0,272
America/Mendoza,tzdata1996n,1996-12-28,tzdata2026c,2026-07-08,1,1,1,L,America/Argentina/Mendoza,1,245
America/Menominee,tzdata95m,1995-12-21,tzdata2026c,2026-07-08,1,1,0,Z,,0,255
America/Merida,tzdata2000e,2000-07-31,tzdata2026c,2026-07-08,1,1,0,Z,,0,212
America/Metlakatla,tzdata2011c,2011-03-02,tzdata2026c,2026-07-08,1,1,0,Z,,0,103
America/Mexico_City,tzdata93g,1993-11-22,tzdata2026c,2026-07-08,1,1,0,Z,,0,272
America/Miquelon,tzdata93g,1993-11-22,tzdata2026c,2026-07-08,1,1,0,Z,,0,272
America/Moncton,tzdata2006a,2006-01-30,tzdata2026c,2026-07-08,1,1,0,Z,,0,174
America/Monterrey,tzdata2000e,2000-07-31,tzdata2026c,2026-07-08,1,1,0,Z,,0,212
America/Montevideo,tzdata93g,1993-11-22,tzdata2026c,2026-07-08,1,1,0,Z,,0,272
America/Montreal,tzdata93g,1993-11-22,tzdata2026c,2026-07-08,1,1,1,L,America/Toronto,1,272
America/Montserrat,tzdata93g,1993-11-22,tzdata2026c,2026-07-08,1,1,1,L,America/Puerto_Rico,1,272
America/Nassau,tzdata93g,1993-11-22,tzdata2026c,2026-07-08,1,1,1,L,America/Toronto,1,272
America/New_York,tzdata93g,1993-11-22,tzdata2026c,2026-07-08,1,1,0,Z,,0,272
America/Nipigon,tzdata96i,1996-07-01,tzdata2026c,2026-07-08,1,1,1,L,America/Toronto,1,248
America/Nome,tzdata95m,1995-12-21,tzdata2026c,2026-07-08,1,1,0,Z,,0,255
America/Noronha,tzdata93g,1993-11-22,tzdata2026c,2026-07-08,1,1,0,Z,,0,272
America/North_Dakota/Beulah,tzdata2011b,2011-01-26,tzdata2026c,2026-07-08,1,1,0,Z,,0,104
America/North_Dakota/Center,tzdata2001d,2001-10-09,tzdata2026c,2026-07-08,1,1,0,Z,,0,205
America/North_Dakota/New_Salem,tzdata2006c,2006-04-03,tzdata2026c,2026-07-08,1,1,0,Z,,0,172
America/Nuuk,tzdata2020a,2020-04-23,tzdata2026c,2026-07-08,1,1,0,Z,,0,30
America/Ojinaga,tzdata2010b,2010-01-20,tzdata2026c,2026-07-08,1,1,0,Z,,0,119
America/Panama,tzdata93g,1993-11-22,tzdata2026c,2026-07-08,1,1,0,Z,,0,272
America/Pangnirtung,tzdata96i,1996-07-01,tzdata2026c,2026-07-08,1,1,1,L,America/Iqaluit,1,248
America/Paramaribo,tzdata93g,1993-11-22,tzdata2026c,2026-07-08,1,1,0,Z,,0,272
America/Phoenix,tzdata93g,1993-11-22,tzdata2026c,2026-07-08,1,1,0,Z,,0,272
America/Port-au-Prince,tzdata93g,1993-11-22,tzdata2026c,2026-07-08,1,1,0,Z,,0,272
America/Port_of_Spain,tzdata93g,1993-11-22,tzdata2026c,2026-07-08,1,1,1,L,America/Puerto_Rico,1,272
America/Porto_Acre,tzdata93g,1993-11-22,tzdata2026c,2026-07-08,1,1,1,L,America/Rio_Branco,1,272
America/Porto_Velho,tzdata1999b,1999-02-01,tzdata2026c,2026-07-08,1,1,0,Z,,0,225
America/Puerto_Rico,tzdata93g,1993-11-22,tzdata2026c,2026-07-08,1,1,0,Z,,0,272
America/Punta_Arenas,tzdata2017a,2017-02-28,tzdata2026c,2026-07-08,1,1,0,Z,,0,45
America/Rainy_River,tzdata96i,1996-07-01,tzdata2026c,2026-07-08,1,1,1,L,America/Winnipeg,1,248
America/Rankin_Inlet,tzdata96i,1996-07-01,tzdata2026c,2026-07-08,1,1,0,Z,,0,248
America/Recife,tzdata2000h,2000-12-14,tzdata2026c,2026-07-08,1,1,0,Z,,0,209
America/Regina,tzdata93g,1993-11-22,tzdata2026c,2026-07-08,1,1,0,Z,,0,272
America/Resolute,tzdata2007d,2007-03-20,tzdata2026c,2026-07-08,1,1,0,Z,,0,158
America/Rio_Branco,tzdata2001a,2001-03-13,tzdata2026c,2026-07-08,1,1,0,Z,,0,208
America/Rosario,tzdata1996n,1996-12-28,tzdata2026c,2026-07-08,1,1,1,L,America/Argentina/Cordoba,1,245
America/Santa_Isabel,tzdata2010b,2010-01-20,tzdata2026c,2026-07-08,1,1,1,L,America/Tijuana,1,119
America/Santarem,tzdata2008d,2008-07-07,tzdata2026c,2026-07-08,1,1,0,Z,,0,147
America/Santiago,tzdata93g,1993-11-22,tzdata2026c,2026-07-08,1,1,0,Z,,0,272
America/Santo_Domingo,tzdata93g,1993-11-22,tzdata2026c,2026-07-08,1,1,0,Z,,0,272
America/Sao_Paulo,tzdata93g,1993-11-22,tzdata2026c,2026-07-08,1,1,0,Z,,0,272
America/Scoresbysund,tzdata93g,1993-11-22,tzdata2026c,2026-07-08,1,1,0,Z,,0,272
America/Shiprock,tzdata95b,1995-02-21,tzdata2026c,2026-07-08,1,0,1,L,America/Denver,0,265
America/Sitka,tzdata2011c,2011-03-02,tzdata2026c,2026-07-08,1,1,0,Z,,0,103
America/St_Barthelemy,tzdata2007j,2007-12-03,tzdata2026c,2026-07-08,1,0,1,L,America/Puerto_Rico,0,152
America/St_Johns,tzdata93g,1993-11-22,tzdata2026c,2026-07-08,1,1,0,Z,,0,272
America/St_Kitts,tzdata93g,1993-11-22,tzdata2026c,2026-07-08,1,1,1,L,America/Puerto_Rico,1,272
America/St_Lucia,tzdata93g,1993-11-22,tzdata2026c,2026-07-08,1,1,1,L,America/Puerto_Rico,1,272
America/St_Thomas,tzdata95k,1995-10-30,tzdata2026c,2026-07-08,1,1,1,L,America/Puerto_Rico,1,257
America/St_Vincent,tzdata93g,1993-11-22,tzdata2026c,2026-07-08,1,1,1,L,America/Puerto_Rico,1,272
America/Swift_Current,tzdata96i,1996-07-01,tzdata2026c,2026-07-08,1,1,0,Z,,0,248
America/Tegucigalpa,tzdata93g,1993-11-22,tzdata2026c,2026-07-08,1,1,0,Z,,0,272
America/Thule,tzdata93g,1993-11-22,tzdata2026c,2026-07-08,1,1,0,Z,,0,272
America/Thunder_Bay,tzdata96i,1996-07-01,tzdata2026c,2026-07-08,1,1,1,L,America/Toronto,1,248
America/Tijuana,tzdata93g,1993-11-22,tzdata2026c,2026-07-08,1,1,0,Z,,0,272
America/Toronto,tzdata2003d,2003-10-06,tzdata2026c,2026-07-08,1,1,0,Z,,0,198
America/Tortola,tzdata95k,1995-10-30,tzdata2026c,2026-07-08,1,1,1,L,America/Puerto_Rico,1,257
America/Vancouver,tzdata93g,1993-11-22,tzdata2026c,2026-07-08,1,1,0,Z,,0,272
America/Virgin,tzdata93g,1993-11-22,tzdata2026c,2026-07-08,1,1,1,L,America/Puerto_Rico,1,272
America/Whitehorse,tzdata93g,1993-11-22,tzdata2026c,2026-07-08,1,1,0,Z,,0,272
America/Winnipeg,tzdata93g,1993-11-22,tzdata2026c,2026-07-08,1,1,0,Z,,0,272
America/Yakutat,tzdata95m,1995-12-21,tzdata2026c,2026-07-08,1,1,0,Z,,0,255
America/Yellowknife,tzdata96i,1996-07-01,tzdata2026c,2026-07-08,1,1,1,L,America/Edmonton,1,248
Antarctica/Casey,tzdata96k,1996-09-08,tzdata2026c,2026-07-08,1,1,0,Z,,0,247
Antarctica/Davis,tzdata1998e,1998-05-28,tzdata2026c,2026-07-08,1,1,0,Z,,0,229
Antarctica/DumontDUrville,tzdata1997a,1997-01-21,tzdata2026c,2026-07-08,1,1,1,L,Pacific/Port_Moresby,1,244
Antarctica/Macquarie,tzdata2010f,2010-03-17,tzdata2026c,2026-07-08,1,1,0,Z,,0,115
Antarctica/Mawson,tzdata96k,1996-09-08,tzdata2026c,2026-07-08,1,1,0,Z,,0,247
Antarctica/McMurdo,tzdata96k,1996-09-08,tzdata2026c,2026-07-08,1,1,1,L,Pacific/Auckland,1,247
Antarctica/Palmer,tzdata1996n,1996-12-28,tzdata2026c,2026-07-08,1,1,0,Z,,0,245
Antarctica/Rothera,tzdata2003a,2003-03-24,tzdata2026c,2026-07-08,1,1,0,Z,,0,201
Antarctica/South_Pole,tzdata96k,1996-09-08,tzdata2026c,2026-07-08,1,0,1,L,Pacific/Auckland,0,247
Antarctica/Syowa,tzdata1999c,1999-03-25,tzdata2026c,2026-07-08,1,1,1,L,Asia/Riyadh,1,224
Antarctica/Troll,tzdata2014b,2014-03-25,tzdata2026c,2026-07-08,1,1,0,Z,,0,71
Antarctica/Vostok,tzdata2001a,2001-03-13,tzdata2026c,2026-07-08,1,1,1,Z,,1,208
Arctic/Longyearbyen,tzdata96k,1996-09-08,tzdata2026c,2026-07-08,1,0,1,L,Europe/Berlin,0,247
Argentina/Buenos_Aires,tzdata95c,1995-07-02,tzdata95c,1995-07-02,0,1,0,Z,,0,1
Asia/Aden,tzdata93g,1993-11-22,tzdata2026c,2026-07-08,1,1,1,L,Asia/Riyadh,1,272
Asia/Aktau,tzdata96h,1996-05-09,tzdata1996l,1996-11-05,0,1,0,Z,,0,4
Asia/Alma-Ata,tzdata94f,1994-08-20,tzdata1998e,1998-05-28,0,1,0,Z,,0,39
Asia/Almaty,tzdata93g,1993-11-22,tzdata2026c,2026-07-08,1,1,0,Z,,0,233
Asia/Amman,tzdata93g,1993-11-22,tzdata2026c,2026-07-08,1,1,0,Z,,0,272
Asia/Anadyr,tzdata93g,1993-11-22,tzdata2026c,2026-07-08,1,1,0,Z,,0,272
Asia/Aqtau,tzdata1996n,1996-12-28,tzdata2026c,2026-07-08,1,1,0,Z,,0,245
Asia/Aqtobe,tzdata1996n,1996-12-28,tzdata2026c,2026-07-08,1,1,0,Z,,0,245
Asia/Ashgabat,tzdata2000g,2000-10-10,tzdata2026c,2026-07-08,1,1,0,Z,,0,210
Asia/Ashkhabad,tzdata93g,1993-11-22,tzdata2026c,2026-07-08,1,1,1,L,Asia/Ashgabat,1,272
Asia/Atyrau,tzdata2016j,2016-11-23,tzdata2026c,2026-07-08,1,1,0,Z,,0,46
Asia/Baghdad,tzdata93g,1993-11-22,tzdata2026c,2026-07-08,1,1,0,Z,,0,272
Asia/Bahrain,tzdata93g,1993-11-22,tzdata2026c,2026-07-08,1,1,1,L,Asia/Qatar,1,272
Asia/Baku,tzdata93g,1993-11-22,tzdata2026c,2026-07-08,1,1,0,Z,,0,272
Asia/Bangkok,tzdata93g,1993-11-22,tzdata2026c,2026-07-08,1,1,0,Z,,0,272
Asia/Barnaul,tzdata2016b,2016-03-13,tzdata2026c,2026-07-08,1,1,0,Z,,0,54
Asia/Beirut,tzdata93g,1993-11-22,tzdata2026c,2026-07-08,1,1,0,Z,,0,272
Asia/Bishkek,tzdata94h,1994-12-10,tzdata2026c,2026-07-08,1,1,0,Z,,0,266
Asia/Brunei,tzdata93g,1993-11-22,tzdata2026c,2026-07-08,1,1,1,L,Asia/Kuching,1,272
Asia/Calcutta,tzdata93g,1993-11-22,tzdata2026c,2026-07-08,1,1,1,L,Asia/Kolkata,1,272
Asia/Chita,tzdata2014f,2014-08-06,tzdata2026c,2026-07-08,1,1,0,Z,,0,67
Asia/Choibalsan,tzdata2001d,2001-10-09,tzdata2026c,2026-07-08,1,1,1,L,Asia/Ulaanbaatar,1,205
Asia/Chongqing,tzdata2001d,2001-10-09,tzdata2026c,2026-07-08,1,1,1,L,Asia/Shanghai,1,205
Asia/Chungking,tzdata95m,1995-12-21,tzdata2026c,2026-07-08,1,1,1,L,Asia/Shanghai,1,255
Asia/Colombo,tzdata93g,1993-11-22,tzdata2026c,2026-07-08,1,1,0,Z,,0,272
Asia/Dacca,tzdata93g,1993-11-22,tzdata2026c,2026-07-08,1,1,1,L,Asia/Dhaka,1,272
Asia/Damascus,tzdata93g,1993-11-22,tzdata2026c,2026-07-08,1,1,0,Z,,0,272
Asia/Dhaka,tzdata2000h,2000-12-14,tzdata2026c,2026-07-08,1,1,0,Z,,0,209
Asia/Dili,tzdata1999i,1999-11-08,tzdata2026c,2026-07-08,1,1,0,Z,,0,218
Asia/Dubai,tzdata93g,1993-11-22,tzdata2026c,2026-07-08,1,1,0,Z,,0,272
Asia/Dushanbe,tzdata93g,1993-11-22,tzdata2026c,2026-07-08,1,1,0,Z,,0,272
Asia/Famagusta,tzdata2016i,2016-11-02,tzdata2026c,2026-07-08,1,1,0,Z,,0,47
Asia/Frunze,tzdata93g,1993-11-22,tzdata94f,1994-08-20,0,1,0,Z,,0,6
Asia/Gaza,tzdata93g,1993-11-22,tzdata2026c,2026-07-08,1,1,0,Z,,0,272
Asia/Harbin,tzdata95m,1995-12-21,tzdata2026c,2026-07-08,1,1,1,L,Asia/Shanghai,1,255
Asia/Hebron,tzdata2011k,2011-09-20,tzdata2026c,2026-07-08,1,1,0,Z,,0,95
Asia/Ho_Chi_Minh,tzdata2008b,2008-03-24,tzdata2026c,2026-07-08,1,1,0,Z,,0,149
Asia/Hong_Kong,tzdata93g,1993-11-22,tzdata2026c,2026-07-08,1,1,0,Z,,0,272
Asia/Hovd,tzdata2000a,2000-01-18,tzdata2026c,2026-07-08,1,1,0,Z,,0,216
Asia/Irkutsk,tzdata93g,1993-11-22,tzdata2026c,2026-07-08,1,1,0,Z,,0,272
Asia/Ishigaki,tzdata96k,1996-09-08,tzdata1999a,1999-01-19,0,1,0,Z,,0,22
Asia/Istanbul,tzdata93g,1993-11-22,tzdata2026c,2026-07-08,1,0,1,L,Europe/Istanbul,0,272
Asia/Jakarta,tzdata93g,1993-11-22,tzdata2026c,2026-07-08,1,1,0,Z,,0,272
Asia/Jayapura,tzdata93g,1993-11-22,tzdata2026c,2026-07-08,1,1,0,Z,,0,272
Asia/Jerusalem,tzdata96b,1996-01-27,tzdata2026c,2026-07-08,1,1,0,Z,,0,253
Asia/Kabul,tzdata93g,1993-11-22,tzdata2026c,2026-07-08,1,1,0,Z,,0,272
Asia/Kamchatka,tzdata93g,1993-11-22,tzdata2026c,2026-07-08,1,1,0,Z,,0,272
Asia/Karachi,tzdata93g,1993-11-22,tzdata2026c,2026-07-08,1,1,0,Z,,0,272
Asia/Kashgar,tzdata95m,1995-12-21,tzdata2026c,2026-07-08,1,1,1,L,Asia/Urumqi,1,255
Asia/Kathmandu,tzdata2009a,2009-01-21,tzdata2026c,2026-07-08,1,1,0,Z,,0,141
Asia/Katmandu,tzdata93g,1993-11-22,tzdata2026c,2026-07-08,1,1,1,L,Asia/Kathmandu,1,272
Asia/Khandyga,tzdata2013a,2013-02-27,tzdata2026c,2026-07-08,1,1,0,Z,,0,81
Asia/Kolkata,tzdata2008b,2008-03-24,tzdata2026c,2026-07-08,1,1,0,Z,,0,149
Asia/Krasnoyarsk,tzdata96h,1996-05-09,tzdata2026c,2026-07-08,1,1,0,Z,,0,249
Asia/Kuala_Lumpur,tzdata93g,1993-11-22,tzdata2026c,2026-07-08,1,1,1,L,Asia/Singapore,1,272
Asia/Kuching,tzdata96k,1996-09-08,tzdata2026c,2026-07-08,1,1,0,Z,,0,247
Asia/Kuwait,tzdata93g,1993-11-22,tzdata2026c,2026-07-08,1,1,1,L,Asia/Riyadh,1,272
Asia/Macao,tzdata93g,1993-11-22,tzdata2026c,2026-07-08,1,1,1,L,Asia/Macau,1,272
Asia/Macau,tzdata2002b,2002-01-28,tzdata2026c,2026-07-08,1,1,0,Z,,0,204
Asia/Magadan,tzdata93g,1993-11-22,tzdata2026c,2026-07-08,1,1,0,Z,,0,272
Asia/Makassar,tzdata2002c,2002-04-04,tzdata2026c,2026-07-08,1,1,0,Z,,0,203
Asia/Manila,tzdata93g,1993-11-22,tzdata2026c,2026-07-08,1,1,0,Z,,0,272
Asia/Muscat,tzdata93g,1993-11-22,tzdata2026c,2026-07-08,1,1,1,L,Asia/Dubai,1,272
Asia/Nicosia,tzdata93g,1993-11-22,tzdata2026c,2026-07-08,1,1,0,Z,,0,272
Asia/Novokuznetsk,tzdata2009q,2009-10-29,tzdata2026c,2026-07-08,1,1,0,Z,,0,125
Asia/Novosibirsk,tzdata93g,1993-11-22,tzdata2026c,2026-07-08,1,1,0,Z,,0,272
Asia/Omsk,tzdata93g,1993-11-22,tzdata2026c,2026-07-08,1,1,0,Z,,0,272
Asia/Oral,tzdata2002b,2002-01-28,tzdata2026c,2026-07-08,1,1,0,Z,,0,204
Asia/Phnom_Penh,tzdata93g,1993-11-22,tzdata2026c,2026-07-08,1,1,1,L,Asia/Bangkok,1,272
Asia/Pontianak,tzdata2001c,2001-06-05,tzdata2026c,2026-07-08,1,1,0,Z,,0,206
Asia/Pyongyang,tzdata93g,1993-11-22,tzdata2026c,2026-07-08,1,1,0,Z,,0,272
Asia/Qatar,tzdata93g,1993-11-22,tzdata2026c,2026-07-08,1,1,0,Z,,0,272
Asia/Qostanay,tzdata2018h,2018-12-24,tzdata2026c,2026-07-08,1,1,0,Z,,0,35
Asia/Qyzylorda,tzdata2002b,2002-01-28,tzdata2026c,2026-07-08,1,1,0,Z,,0,204
Asia/Rangoon,tzdata93g,1993-11-22,tzdata2026c,2026-07-08,1,1,1,L,Asia/Yangon,1,272
Asia/Riyadh,tzdata93g,1993-11-22,tzdata2026c,2026-07-08,1,1,0,Z,,0,272
Asia/Saigon,tzdata93g,1993-11-22,tzdata2026c,2026-07-08,1,1,1,L,Asia/Ho_Chi_Minh,1,272
Asia/Sakhalin,tzdata2001d,2001-10-09,tzdata2026c,2026-07-08,1,1,0,Z,,0,205
Asia/Samarkand,tzdata1998h,1998-09-24,tzdata2026c,2026-07-08,1,1,0,Z,,0,228
Asia/Seoul,tzdata93g,1993-11-22,tzdata2026c,2026-07-08,1,1,0,Z,,0,272
Asia/Shanghai,tzdata93g,1993-11-22,tzdata2026c,2026-07-08,1,1,0,Z,,0,272
Asia/Singapore,tzdata93g,1993-11-22,tzdata2026c,2026-07-08,1,1,0,Z,,0,272
Asia/Srednekolymsk,tzdata2014f,2014-08-06,tzdata2026c,2026-07-08,1,1,0,Z,,0,67
Asia/Sverdlovsk,tzdata93g,1993-11-22,tzdata94a,1994-02-03,0,1,0,Z,,0,2
Asia/Taipei,tzdata93g,1993-11-22,tzdata2026c,2026-07-08,1,1,0,Z,,0,272
Asia/Tashkent,tzdata93g,1993-11-22,tzdata2026c,2026-07-08,1,1,0,Z,,0,272
Asia/Tbilisi,tzdata93g,1993-11-22,tzdata2026c,2026-07-08,1,1,0,Z,,0,272
Asia/Tehran,tzdata93g,1993-11-22,tzdata2026c,2026-07-08,1,1,0,Z,,0,272
Asia/Tel_Aviv,tzdata93g,1993-11-22,tzdata2026c,2026-07-08,1,1,1,L,Asia/Jerusalem,1,272
Asia/Thimbu,tzdata93g,1993-11-22,tzdata2026c,2026-07-08,1,1,1,L,Asia/Thimphu,1,272
Asia/Thimphu,tzdata2000g,2000-10-10,tzdata2026c,2026-07-08,1,1,0,Z,,0,210
Asia/Tokyo,tzdata93g,1993-11-22,tzdata2026c,2026-07-08,1,1,0,Z,,0,272
Asia/Tomsk,tzdata94f,1994-08-20,tzdata2026c,2026-07-08,1,1,0,Z,,0,70
Asia/Ujung_Pandang,tzdata93g,1993-11-22,tzdata2026c,2026-07-08,1,1,1,L,Asia/Makassar,1,272
Asia/Ulaanbaatar,tzdata2000a,2000-01-18,tzdata2026c,2026-07-08,1,1,0,Z,,0,216
Asia/Ulan_Bator,tzdata93g,1993-11-22,tzdata2026c,2026-07-08,1,1,1,L,Asia/Ulaanbaatar,1,272
Asia/Urumqi,tzdata95m,1995-12-21,tzdata2026c,2026-07-08,1,1,0,Z,,0,255
Asia/Ust-Nera,tzdata2013a,2013-02-27,tzdata2026c,2026-07-08,1,1,0,Z,,0,81
Asia/Vientiane,tzdata93g,1993-11-22,tzdata2026c,2026-07-08,1,1,1,L,Asia/Bangkok,1,272
Asia/Vladivostok,tzdata93g,1993-11-22,tzdata2026c,2026-07-08,1,1,0,Z,,0,272
Asia/Yakutsk,tzdata93g,1993-11-22,tzdata2026c,2026-07-08,1,1,0,Z,,0,272
Asia/Yangon,tzdata2016g,2016-09-13,tzdata2026c,2026-07-08,1,1,0,Z,,0,49
Asia/Yekaterinburg,tzdata94b,1994-02-07,tzdata2026c,2026-07-08,1,1,0,Z,,0,270
Asia/Yerevan,tzdata93g,1993-11-22,tzdata2026c,2026-07-08,1,1,0,Z,,0,272
Atlantic/Azores,tzdata93g,1993-11-22,tzdata2026c,2026-07-08,1,1,0,Z,,0,272
Atlantic/Bermuda,tzdata93g,1993-11-22,tzdata2026c,2026-07-08,1,1,0,Z,,0,272
Atlantic/Canary,tzdata93g,1993-11-22,tzdata2026c,2026-07-08,1,1,0,Z,,0,272
Atlantic/Cape_Verde,tzdata93g,1993-11-22,tzdata2026c,2026-07-08,1,1,0,Z,,0,272
Atlantic/Faeroe,tzdata93g,1993-11-22,tzdata2026c,2026-07-08,1,1,1,L,Atlantic/Faroe,1,272
Atlantic/Faroe,tzdata2007a,2007-01-08,tzdata2026c,2026-07-08,1,1,0,Z,,0,161
Atlantic/Jan_Mayen,tzdata94b,1994-02-07,tzdata2026c,2026-07-08,1,1,1,L,Europe/Berlin,1,270
Atlantic/Madeira,tzdata93g,1993-11-22,tzdata2026c,2026-07-08,1,1,0,Z,,0,272
Atlantic/Reykjavik,tzdata93g,1993-11-22,tzdata2026c,2026-07-08,1,1,1,L,Africa/Abidjan,1,272
Atlantic/South_Georgia,tzdata93g,1993-11-22,tzdata2026c,2026-07-08,1,1,0,Z,,0,272
Atlantic/St_Helena,tzdata93g,1993-11-22,tzdata2026c,2026-07-08,1,1,1,L,Africa/Abidjan,1,272
Atlantic/Stanley,tzdata93g,1993-11-22,tzdata2026c,2026-07-08,1,1,0,Z,,0,272
Australia/ACT,tzdata93g,1993-11-22,tzdata2026c,2026-07-08,1,0,1,L,Australia/Sydney,0,272
Australia/Adelaide,tzdata93g,1993-11-22,tzdata2026c,2026-07-08,1,1,0,Z,,0,272
Australia/Brisbane,tzdata93g,1993-11-22,tzdata2026c,2026-07-08,1,1,0,Z,,0,272
Australia/Broken_Hill,tzdata93g,1993-11-22,tzdata2026c,2026-07-08,1,1,0,Z,,0,272
Australia/Canberra,tzdata94h,1994-12-10,tzdata2026c,2026-07-08,1,1,1,L,Australia/Sydney,1,266
Australia/Currie,tzdata2005l,2005-08-22,tzdata2026c,2026-07-08,1,1,1,L,Australia/Hobart,1,181
Australia/Darwin,tzdata93g,1993-11-22,tzdata2026c,2026-07-08,1,1,0,Z,,0,272
Australia/Eucla,tzdata2007a,2007-01-08,tzdata2026c,2026-07-08,1,1,0,Z,,0,161
Australia/Hobart,tzdata93g,1993-11-22,tzdata2026c,2026-07-08,1,1,0,Z,,0,272
Australia/LHI,tzdata93g,1993-11-22,tzdata2026c,2026-07-08,1,0,1,L,Australia/Lord_Howe,0,272
Australia/Lindeman,tzdata1996n,1996-12-28,tzdata2026c,2026-07-08,1,1,0,Z,,0,245
Australia/Lord_Howe,tzdata93g,1993-11-22,tzdata2026c,2026-07-08,1,1,0,Z,,0,272
Australia/Melbourne,tzdata93g,1993-11-22,tzdata2026c,2026-07-08,1,1,0,Z,,0,272
Australia/NSW,tzdata93g,1993-11-22,tzdata2026c,2026-07-08,1,0,1,L,Australia/Sydney,0,272
Australia/North,tzdata93g,1993-11-22,tzdata2026c,2026-07-08,1,0,1,L,Australia/Darwin,0,272
Australia/Perth,tzdata93g,1993-11-22,tzdata2026c,2026-07-08,1,1,0,Z,,0,272
Australia/Queensland,tzdata93g,1993-11-22,tzdata2026c,2026-07-08,1,0,1,L,Australia/Brisbane,0,272
Australia/South,tzdata93g,1993-11-22,tzdata2026c,2026-07-08,1,0,1,L,Australia/Adelaide,0,272
Australia/Sydney,tzdata93g,1993-11-22,tzdata2026c,2026-07-08,1,1,0,Z,,0,272
Australia/Tasmania,tzdata93g,1993-11-22,tzdata2026c,2026-07-08,1,0,1,L,Australia/Hobart,0,272
Australia/Victoria,tzdata93g,1993-11-22,tzdata2026c,2026-07-08,1,0,1,L,Australia/Melbourne,0,272
Australia/West,tzdata93g,1993-11-22,tzdata2026c,2026-07-08,1,0,1,L,Australia/Perth,0,272
Australia/Yancowinna,tzdata93g,1993-11-22,tzdata2026c,2026-07-08,1,0,1,L,Australia/Broken_Hill,0,272
Brazil/Acre,tzdata93g,1993-11-22,tzdata2026c,2026-07-08,1,0,1,L,America/Rio_Branco,0,272
Brazil/DeNoronha,tzdata93g,1993-11-22,tzdata2026c,2026-07-08,1,0,1,L,America/Noronha,0,272
Brazil/East,tzdata93g,1993-11-22,tzdata2026c,2026-07-08,1,0,1,L,America/Sao_Paulo,0,272
Brazil/West,tzdata93g,1993-11-22,tzdata2026c,2026-07-08,1,0,1,L,America/Manaus,0,272
CET,tzdata93g,1993-11-22,tzdata2026c,2026-07-08,1,1,1,L,Europe/Brussels,1,272
CST6CDT,tzdata93g,1993-11-22,tzdata2026c,2026-07-08,1,1,1,L,America/Chicago,1,272
Canada/Atlantic,tzdata93g,1993-11-22,tzdata2026c,2026-07-08,1,0,1,L,America/Halifax,0,272
Canada/Central,tzdata93g,1993-11-22,tzdata2026c,2026-07-08,1,0,1,L,America/Winnipeg,0,272
Canada/East-Saskatchewan,tzdata93g,1993-11-22,tzdata2017b,2017-03-17,0,0,1,L,America/Regina,0,229
Canada/Eastern,tzdata93g,1993-11-22,tzdata2026c,2026-07-08,1,0,1,L,America/Toronto,0,272
Canada/Mountain,tzdata93g,1993-11-22,tzdata2026c,2026-07-08,1,0,1,L,America/Edmonton,0,272
Canada/Newfoundland,tzdata93g,1993-11-22,tzdata2026c,2026-07-08,1,0,1,L,America/St_Johns,0,272
Canada/Pacific,tzdata93g,1993-11-22,tzdata2026c,2026-07-08,1,0,1,L,America/Vancouver,0,272
Canada/Saskatchewan,tzdata93g,1993-11-22,tzdata2026c,2026-07-08,1,0,1,L,America/Regina,0,272
Canada/Yukon,tzdata93g,1993-11-22,tzdata2026c,2026-07-08,1,0,1,L,America/Whitehorse,0,272
Chile/Continental,tzdata93g,1993-11-22,tzdata2026c,2026-07-08,1,0,1,L,America/Santiago,0,272
Chile/EasterIsland,tzdata93g,1993-11-22,tzdata2026c,2026-07-08,1,0,1,L,Pacific/Easter,0,272
Cuba,tzdata93g,1993-11-22,tzdata2026c,2026-07-08,1,0,1,L,America/Havana,0,272
EET,tzdata93g,1993-11-22,tzdata2026c,2026-07-08,1,1,1,L,Europe/Athens,1,272
EST,tzdata93g,1993-11-22,tzdata2026c,2026-07-08,1,1,1,L,America/Panama,1,272
EST5EDT,tzdata93g,1993-11-22,tzdata2026c,2026-07-08,1,1,1,L,America/New_York,1,272
Egypt,tzdata93g,1993-11-22,tzdata2026c,2026-07-08,1,0,1,L,Africa/Cairo,0,272
Eire,tzdata93g,1993-11-22,tzdata2026c,2026-07-08,1,0,1,L,Europe/Dublin,0,272
Etc/GMT,tzdata94d,1994-02-24,tzdata2026c,2026-07-08,1,1,0,Z,,0,269
Etc/GMT+0,tzdata94d,1994-02-24,tzdata2026c,2026-07-08,1,0,1,L,Etc/GMT,0,269
Etc/GMT+1,tzdata94d,1994-02-24,tzdata2026c,2026-07-08,1,1,0,Z,,0,269
Etc/GMT+10,tzdata94d,1994-02-24,tzdata2026c,2026-07-08,1,1,0,Z,,0,269
Etc/GMT+11,tzdata94d,1994-02-24,tzdata2026c,2026-07-08,1,1,0,Z,,0,269
Etc/GMT+12,tzdata94d,1994-02-24,tzdata2026c,2026-07-08,1,1,0,Z,,0,269
Etc/GMT+2,tzdata94d,1994-02-24,tzdata2026c,2026-07-08,1,1,0,Z,,0,269
Etc/GMT+3,tzdata94d,1994-02-24,tzdata2026c,2026-07-08,1,1,0,Z,,0,269
Etc/GMT+4,tzdata94d,1994-02-24,tzdata2026c,2026-07-08,1,1,0,Z,,0,269
Etc/GMT+5,tzdata94d,1994-02-24,tzdata2026c,2026-07-08,1,1,0,Z,,0,269
Etc/GMT+6,tzdata94d,1994-02-24,tzdata2026c,2026-07-08,1,1,0,Z,,0,269
Etc/GMT+7,tzdata94d,1994-02-24,tzdata2026c,2026-07-08,1,1,0,Z,,0,269
Etc/GMT+8,tzdata94d,1994-02-24,tzdata2026c,2026-07-08,1,1,0,Z,,0,269
Etc/GMT+9,tzdata94d,1994-02-24,tzdata2026c,2026-07-08,1,1,0,Z,,0,269
Etc/GMT-0,tzdata94d,1994-02-24,tzdata2026c,2026-07-08,1,0,1,L,Etc/GMT,0,269
Etc/GMT-1,tzdata94d,1994-02-24,tzdata2026c,2026-07-08,1,1,0,Z,,0,269
Etc/GMT-10,tzdata94d,1994-02-24,tzdata2026c,2026-07-08,1,1,0,Z,,0,269
Etc/GMT-11,tzdata94d,1994-02-24,tzdata2026c,2026-07-08,1,1,0,Z,,0,269
Etc/GMT-12,tzdata94d,1994-02-24,tzdata2026c,2026-07-08,1,1,0,Z,,0,269
Etc/GMT-13,tzdata94d,1994-02-24,tzdata2026c,2026-07-08,1,1,0,Z,,0,269
Etc/GMT-14,tzdata96d,1996-03-19,tzdata2026c,2026-07-08,1,1,0,Z,,0,251
Etc/GMT-2,tzdata94d,1994-02-24,tzdata2026c,2026-07-08,1,1,0,Z,,0,269
Etc/GMT-3,tzdata94d,1994-02-24,tzdata2026c,2026-07-08,1,1,0,Z,,0,269
Etc/GMT-4,tzdata94d,1994-02-24,tzdata2026c,2026-07-08,1,1,0,Z,,0,269
Etc/GMT-5,tzdata94d,1994-02-24,tzdata2026c,2026-07-08,1,1,0,Z,,0,269
Etc/GMT-6,tzdata94d,1994-02-24,tzdata2026c,2026-07-08,1,1,0,Z,,0,269
Etc/GMT-7,tzdata94d,1994-02-24,tzdata2026c,2026-07-08,1,1,0,Z,,0,269
Etc/GMT-8,tzdata94d,1994-02-24,tzdata2026c,2026-07-08,1,1,0,Z,,0,269
Etc/GMT-9,tzdata94d,1994-02-24,tzdata2026c,2026-07-08,1,1,0,Z,,0,269
Etc/GMT0,tzdata94d,1994-02-24,tzdata2026c,2026-07-08,1,0,1,L,Etc/GMT,0,269
Etc/Greenwich,tzdata94d,1994-02-24,tzdata2026c,2026-07-08,1,0,1,L,Etc/GMT,0,269
Etc/UCT,tzdata94d,1994-02-24,tzdata2026c,2026-07-08,1,1,1,L,Etc/UTC,1,269
Etc/UTC,tzdata94d,1994-02-24,tzdata2026c,2026-07-08,1,1,1,Z,,0,269
Etc/Universal,tzdata94d,1994-02-24,tzdata2026c,2026-07-08,1,0,1,L,Etc/UTC,0,269
Etc/Zulu,tzdata94d,1994-02-24,tzdata2026c,2026-07-08,1,0,1,L,Etc/UTC,0,269
Europe/Amsterdam,tzdata93g,1993-11-22,tzdata2026c,2026-07-08,1,1,1,L,Europe/Brussels,1,272
Europe/Andorra,tzdata93g,1993-11-22,tzdata2026c,2026-07-08,1,1,0,Z,,0,272
Europe/Astrakhan,tzdata2016b,2016-03-13,tzdata2026c,2026-07-08,1,1,0,Z,,0,54
Europe/Athens,tzdata93g,1993-11-22,tzdata2026c,2026-07-08,1,1,0,Z,,0,272
Europe/Belfast,tzdata93g,1993-11-22,tzdata2026c,2026-07-08,1,1,1,L,Europe/London,1,272
Europe/Belgrade,tzdata93g,1993-11-22,tzdata2026c,2026-07-08,1,1,0,Z,,0,272
Europe/Berlin,tzdata93g,1993-11-22,tzdata2026c,2026-07-08,1,1,0,Z,,0,272
Europe/Bratislava,tzdata93g,1993-11-22,tzdata2026c,2026-07-08,1,0,1,L,Europe/Prague,0,272
Europe/Brussels,tzdata93g,1993-11-22,tzdata2026c,2026-07-08,1,1,0,Z,,0,272
Europe/Bucharest,tzdata93g,1993-11-22,tzdata2026c,2026-07-08,1,1,0,Z,,0,272
Europe/Budapest,tzdata93g,1993-11-22,tzdata2026c,2026-07-08,1,1,0,Z,,0,272
Europe/Busingen,tzdata2013a,2013-02-27,tzdata2026c,2026-07-08,1,0,1,L,Europe/Zurich,0,81
Europe/Chisinau,tzdata93g,1993-11-22,tzdata2026c,2026-07-08,1,1,0,Z,,0,272
Europe/Copenhagen,tzdata93g,1993-11-22,tzdata2026c,2026-07-08,1,1,1,L,Europe/Berlin,1,272
Europe/Dublin,tzdata93g,1993-11-22,tzdata2026c,2026-07-08,1,1,0,Z,,0,272
Europe/Gibraltar,tzdata93g,1993-11-22,tzdata2026c,2026-07-08,1,1,0,Z,,0,272
Europe/Guernsey,tzdata2006j,2006-08-21,tzdata2026c,2026-07-08,1,0,1,L,Europe/London,0,168
Europe/Helsinki,tzdata93g,1993-11-22,tzdata2026c,2026-07-08,1,1,0,Z,,0,272
Europe/Isle_of_Man,tzdata2006j,2006-08-21,tzdata2026c,2026-07-08,1,0,1,L,Europe/London,0,168
Europe/Istanbul,tzdata93g,1993-11-22,tzdata2026c,2026-07-08,1,1,0,Z,,0,272
Europe/Jersey,tzdata2006j,2006-08-21,tzdata2026c,2026-07-08,1,0,1,L,Europe/London,0,168
Europe/Kaliningrad,tzdata1996n,1996-12-28,tzdata2026c,2026-07-08,1,1,0,Z,,0,245
Europe/Kiev,tzdata93g,1993-11-22,tzdata2026c,2026-07-08,1,1,1,L,Europe/Kyiv,1,272
Europe/Kirov,tzdata2016d,2016-04-18,tzdata2026c,2026-07-08,1,1,0,Z,,0,52
Europe/Kuybyshev,tzdata94e,1994-06-04,tzdata1996l,1996-11-05,0,1,0,Z,,0,23
Europe/Kyiv,tzdata2022b,2022-08-10,tzdata2026c,2026-07-08,1,1,0,Z,,0,18
Europe/Lisbon,tzdata93g,1993-11-22,tzdata2026c,2026-07-08,1,1,0,Z,,0,272
Europe/Ljubljana,tzdata93g,1993-11-22,tzdata2026c,2026-07-08,1,1,1,L,Europe/Belgrade,1,272
Europe/London,tzdata93g,1993-11-22,tzdata2026c,2026-07-08,1,1,0,Z,,0,272
Europe/Luxembourg,tzdata93g,1993-11-22,tzdata2026c,2026-07-08,1,1,1,L,Europe/Brussels,1,272
Europe/Madrid,tzdata93g,1993-11-22,tzdata2026c,2026-07-08,1,1,0,Z,,0,272
Europe/Malta,tzdata93g,1993-11-22,tzdata2026c,2026-07-08,1,1,0,Z,,0,272
Europe/Mariehamn,tzdata2004b,2004-07-19,tzdata2026c,2026-07-08,1,0,1,L,Europe/Helsinki,0,195
Europe/Minsk,tzdata93g,1993-11-22,tzdata2026c,2026-07-08,1,1,0,Z,,0,272
Europe/Monaco,tzdata93g,1993-11-22,tzdata2026c,2026-07-08,1,1,1,L,Europe/Paris,1,272
Europe/Moscow,tzdata93g,1993-11-22,tzdata2026c,2026-07-08,1,1,0,Z,,0,272
Europe/Nicosia,tzdata2000g,2000-10-10,tzdata2026c,2026-07-08,1,0,1,L,Asia/Nicosia,0,210
Europe/Oslo,tzdata93g,1993-11-22,tzdata2026c,2026-07-08,1,1,1,L,Europe/Berlin,1,272
Europe/Paris,tzdata93g,1993-11-22,tzdata2026c,2026-07-08,1,1,0,Z,,0,272
Europe/Podgorica,tzdata2006n,2006-10-10,tzdata2026c,2026-07-08,1,0,1,L,Europe/Belgrade,0,164
Europe/Prague,tzdata93g,1993-11-22,tzdata2026c,2026-07-08,1,1,0,Z,,0,272
Europe/Riga,tzdata93g,1993-11-22,tzdata2026c,2026-07-08,1,1,0,Z,,0,272
Europe/Rome,tzdata93g,1993-11-22,tzdata2026c,2026-07-08,1,1,0,Z,,0,272
Europe/Samara,tzdata1996n,1996-12-28,tzdata2026c,2026-07-08,1,1,0,Z,,0,245
Europe/San_Marino,tzdata95b,1995-02-21,tzdata2026c,2026-07-08,1,0,1,L,Europe/Rome,0,265
Europe/Sarajevo,tzdata93g,1993-11-22,tzdata2026c,2026-07-08,1,1,1,L,Europe/Belgrade,1,272
Europe/Saratov,tzdata2016j,2016-11-23,tzdata2026c,2026-07-08,1,1,0,Z,,0,46
Europe/Simferopol,tzdata94e,1994-06-04,tzdata2026c,2026-07-08,1,1,0,Z,,0,268
Europe/Skopje,tzdata93g,1993-11-22,tzdata2026c,2026-07-08,1,1,1,L,Europe/Belgrade,1,272
Europe/Sofia,tzdata93g,1993-11-22,tzdata2026c,2026-07-08,1,1,0,Z,,0,272
Europe/Stockholm,tzdata93g,1993-11-22,tzdata2026c,2026-07-08,1,1,1,L,Europe/Berlin,1,272
Europe/Tallinn,tzdata93g,1993-11-22,tzdata2026c,2026-07-08,1,1,0,Z,,0,272
Europe/Tirane,tzdata93g,1993-11-22,tzdata2026c,2026-07-08,1,1,0,Z,,0,272
Europe/Tiraspol,tzdata1999j,1999-11-13,tzdata2026c,2026-07-08,1,1,1,L,Europe/Chisinau,2,217
Europe/Ulyanovsk,tzdata2016b,2016-03-13,tzdata2026c,2026-07-08,1,1,0,Z,,0,54
Europe/Uzhgorod,tzdata1999j,1999-11-13,tzdata2026c,2026-07-08,1,1,1,L,Europe/Kyiv,1,217
Europe/Vaduz,tzdata93g,1993-11-22,tzdata2026c,2026-07-08,1,1,1,L,Europe/Zurich,1,272
Europe/Vatican,tzdata95b,1995-02-21,tzdata2026c,2026-07-08,1,0,1,L,Europe/Rome,0,265
Europe/Vienna,tzdata93g,1993-11-22,tzdata2026c,2026-07-08,1,1,0,Z,,0,272
Europe/Vilnius,tzdata93g,1993-11-22,tzdata2026c,2026-07-08,1,1,0,Z,,0,272
Europe/Volgograd,tzdata2006j,2006-08-21,tzdata2026c,2026-07-08,1,1,0,Z,,0,168
Europe/Warsaw,tzdata93g,1993-11-22,tzdata2026c,2026-07-08,1,1,0,Z,,0,272
Europe/Zagreb,tzdata93g,1993-11-22,tzdata2026c,2026-07-08,1,1,1,L,Europe/Belgrade,1,272
Europe/Zaporozhye,tzdata1999j,1999-11-13,tzdata2026c,2026-07-08,1,1,1,L,Europe/Kyiv,1,217
Europe/Zurich,tzdata93g,1993-11-22,tzdata2026c,2026-07-08,1,1,0,Z,,0,272
GB,tzdata93g,1993-11-22,tzdata2026c,2026-07-08,1,0,1,L,Europe/London,0,272
GB-Eire,tzdata2000a,2000-01-18,tzdata2026c,2026-07-08,1,0,1,L,Europe/London,0,216
GMT,tzdata93g,1993-11-22,tzdata2026c,2026-07-08,1,1,1,L,Etc/GMT,1,272
GMT+0,tzdata93g,1993-11-22,tzdata2026c,2026-07-08,1,0,1,L,Etc/GMT,0,272
GMT+1,tzdata93g,1993-11-22,tzdata94b,1994-02-07,0,1,0,Z,,0,3
GMT+10,tzdata93g,1993-11-22,tzdata94b,1994-02-07,0,1,0,Z,,0,3
GMT+11,tzdata93g,1993-11-22,tzdata94b,1994-02-07,0,1,0,Z,,0,3
GMT+12,tzdata93g,1993-11-22,tzdata94b,1994-02-07,0,1,0,Z,,0,3
GMT+13,tzdata93g,1993-11-22,tzdata94b,1994-02-07,0,1,0,Z,,0,3
GMT+2,tzdata93g,1993-11-22,tzdata94b,1994-02-07,0,1,0,Z,,0,3
GMT+3,tzdata93g,1993-11-22,tzdata94b,1994-02-07,0,1,0,Z,,0,3
GMT+4,tzdata93g,1993-11-22,tzdata94b,1994-02-07,0,1,0,Z,,0,3
GMT+5,tzdata93g,1993-11-22,tzdata94b,1994-02-07,0,1,0,Z,,0,3
GMT+6,tzdata93g,1993-11-22,tzdata94b,1994-02-07,0,1,0,Z,,0,3
GMT+7,tzdata93g,1993-11-22,tzdata94b,1994-02-07,0,1,0,Z,,0,3
GMT+8,tzdata93g,1993-11-22,tzdata94b,1994-02-07,0,1,0,Z,,0,3
GMT+9,tzdata93g,1993-11-22,tzdata94b,1994-02-07,0,1,0,Z,,0,3
GMT-0,tzdata93g,1993-11-22,tzdata2026c,2026-07-08,1,0,1,L,Etc/GMT,0,272
GMT-1,tzdata93g,1993-11-22,tzdata94b,1994-02-07,0,1,0,Z,,0,3
GMT-10,tzdata93g,1993-11-22,tzdata94b,1994-02-07,0,1,0,Z,,0,3
GMT-11,tzdata93g,1993-11-22,tzdata94b,1994-02-07,0,1,0,Z,,0,3
GMT-12,tzdata93g,1993-11-22,tzdata94b,1994-02-07,0,1,0,Z,,0,3
GMT-2,tzdata93g,1993-11-22,tzdata94b,1994-02-07,0,1,0,Z,,0,3
GMT-3,tzdata93g,1993-11-22,tzdata94b,1994-02-07,0,1,0,Z,,0,3
GMT-4,tzdata93g,1993-11-22,tzdata94b,1994-02-07,0,1,0,Z,,0,3
GMT-5,tzdata93g,1993-11-22,tzdata94b,1994-02-07,0,1,0,Z,,0,3
GMT-6,tzdata93g,1993-11-22,tzdata94b,1994-02-07,0,1,0,Z,,0,3
GMT-7,tzdata93g,1993-11-22,tzdata94b,1994-02-07,0,1,0,Z,,0,3
GMT-8,tzdata93g,1993-11-22,tzdata94b,1994-02-07,0,1,0,Z,,0,3
GMT-9,tzdata93g,1993-11-22,tzdata94b,1994-02-07,0,1,0,Z,,0,3
GMT0,tzdata93g,1993-11-22,tzdata2026c,2026-07-08,1,0,1,L,Etc/GMT,0,272
GMT1,tzdata93g,1993-11-22,tzdata94b,1994-02-07,0,0,1,L,GMT+1,0,3
GMT10,tzdata93g,1993-11-22,tzdata94b,1994-02-07,0,0,1,L,GMT+10,0,3
GMT11,tzdata93g,1993-11-22,tzdata94b,1994-02-07,0,0,1,L,GMT+11,0,3
GMT12,tzdata93g,1993-11-22,tzdata94b,1994-02-07,0,0,1,L,GMT+12,0,3
GMT13,tzdata93g,1993-11-22,tzdata94b,1994-02-07,0,0,1,L,GMT+13,0,3
GMT2,tzdata93g,1993-11-22,tzdata94b,1994-02-07,0,0,1,L,GMT+2,0,3
GMT3,tzdata93g,1993-11-22,tzdata94b,1994-02-07,0,0,1,L,GMT+3,0,3
GMT4,tzdata93g,1993-11-22,tzdata94b,1994-02-07,0,0,1,L,GMT+4,0,3
GMT5,tzdata93g,1993-11-22,tzdata94b,1994-02-07,0,0,1,L,GMT+5,0,3
GMT6,tzdata93g,1993-11-22,tzdata94b,1994-02-07,0,0,1,L,GMT+6,0,3
GMT7,tzdata93g,1993-11-22,tzdata94b,1994-02-07,0,0,1,L,GMT+7,0,3
GMT8,tzdata93g,1993-11-22,tzdata94b,1994-02-07,0,0,1,L,GMT+8,0,3
GMT9,tzdata93g,1993-11-22,tzdata94b,1994-02-07,0,0,1,L,GMT+9,0,3
Greenwich,tzdata93g,1993-11-22,tzdata2026c,2026-07-08,1,0,1,L,Etc/GMT,0,272
HST,tzdata93g,1993-11-22,tzdata2026c,2026-07-08,1,1,1,L,Pacific/Honolulu,1,272
Hongkong,tzdata93g,1993-11-22,tzdata2026c,2026-07-08,1,0,1,L,Asia/Hong_Kong,0,272
Iceland,tzdata93g,1993-11-22,tzdata2026c,2026-07-08,1,0,1,L,Africa/Abidjan,0,272
Indian/Antananarivo,tzdata93g,1993-11-22,tzdata2026c,2026-07-08,1,1,1,L,Africa/Nairobi,1,272
Indian/Chagos,tzdata94b,1994-02-07,tzdata2026c,2026-07-08,1,1,0,Z,,0,270
Indian/Christmas,tzdata93g,1993-11-22,tzdata2026c,2026-07-08,1,1,1,L,Asia/Bangkok,1,272
Indian/Cocos,tzdata94h,1994-12-10,tzdata2026c,2026-07-08,1,1,1,L,Asia/Yangon,1,266
Indian/Comoro,tzdata93g,1993-11-22,tzdata2026c,2026-07-08,1,1,1,L,Africa/Nairobi,1,272
Indian/Kerguelen,tzdata1997a,1997-01-21,tzdata2026c,2026-07-08,1,1,1,L,Indian/Maldives,1,244
Indian/Mahe,tzdata93g,1993-11-22,tzdata2026c,2026-07-08,1,1,1,L,Asia/Dubai,1,272
Indian/Maldives,tzdata93g,1993-11-22,tzdata2026c,2026-07-08,1,1,0,Z,,0,272
Indian/Mauritius,tzdata93g,1993-11-22,tzdata2026c,2026-07-08,1,1,0,Z,,0,272
Indian/Mayotte,tzdata93g,1993-11-22,tzdata2026c,2026-07-08,1,1,1,L,Africa/Nairobi,1,272
Indian/Reunion,tzdata93g,1993-11-22,tzdata2026c,2026-07-08,1,1,1,L,Asia/Dubai,1,272
Iran,tzdata93g,1993-11-22,tzdata2026c,2026-07-08,1,0,1,L,Asia/Tehran,0,272
Israel,tzdata93g,1993-11-22,tzdata2026c,2026-07-08,1,0,1,L,Asia/Jerusalem,0,272
Jamaica,tzdata93g,1993-11-22,tzdata2026c,2026-07-08,1,0,1,L,America/Jamaica,0,272
Japan,tzdata93g,1993-11-22,tzdata2026c,2026-07-08,1,0,1,L,Asia/Tokyo,0,272
Kwajalein,tzdata93g,1993-11-22,tzdata2026c,2026-07-08,1,0,1,L,Pacific/Kwajalein,0,272
Libya,tzdata93g,1993-11-22,tzdata2026c,2026-07-08,1,0,1,L,Africa/Tripoli,0,272
MET,tzdata93g,1993-11-22,tzdata2026c,2026-07-08,1,1,1,L,Europe/Brussels,1,272
MST,tzdata93g,1993-11-22,tzdata2026c,2026-07-08,1,1,1,L,America/Phoenix,1,272
MST7MDT,tzdata93g,1993-11-22,tzdata2026c,2026-07-08,1,1,1,L,America/Denver,1,272
Mexico/BajaNorte,tzdata93g,1993-11-22,tzdata2026c,2026-07-08,1,0,1,L,America/Tijuana,0,272
Mexico/BajaSur,tzdata93g,1993-11-22,tzdata2026c,2026-07-08,1,0,1,L,America/Mazatlan,0,272
Mexico/General,tzdata93g,1993-11-22,tzdata2026c,2026-07-08,1,0,1,L,America/Mexico_City,0,272
Moscow,tzdata93g,1993-11-22,tzdata94b,1994-02-07,0,0,1,L,Europe/Moscow,0,3
NZ,tzdata93g,1993-11-22,tzdata2026c,2026-07-08,1,0,1,L,Pacific/Auckland,0,272
NZ-CHAT,tzdata93g,1993-11-22,tzdata2026c,2026-07-08,1,0,1,L,Pacific/Chatham,0,272
Navajo,tzdata93g,1993-11-22,tzdata2026c,2026-07-08,1,0,1,L,America/Denver,0,272
PRC,tzdata93g,1993-11-22,tzdata2026c,2026-07-08,1,0,1,L,Asia/Shanghai,0,272
PST8PDT,tzdata93g,1993-11-22,tzdata2026c,2026-07-08,1,1,1,L,America/Los_Angeles,1,272
Pacific/Apia,tzdata95k,1995-10-30,tzdata2026c,2026-07-08,1,1,0,Z,,0,257
Pacific/Auckland,tzdata93g,1993-11-22,tzdata2026c,2026-07-08,1,1,0,Z,,0,272
Pacific/Belau,tzdata93g,1993-11-22,tzdata94f,1994-08-20,0,1,0,Z,,0,6
Pacific/Bougainville,tzdata2014i,2014-10-22,tzdata2026c,2026-07-08,1,1,0,Z,,0,64
Pacific/Chatham,tzdata93g,1993-11-22,tzdata2026c,2026-07-08,1,1,0,Z,,0,272
Pacific/Chuuk,tzdata2010k,2010-07-26,tzdata2026c,2026-07-08,1,1,1,L,Pacific/Port_Moresby,1,110
Pacific/Cocos,tzdata93g,1993-11-22,tzdata94f,1994-08-20,0,1,0,Z,,0,6
Pacific/Easter,tzdata93g,1993-11-22,tzdata2026c,2026-07-08,1,1,0,Z,,0,272
Pacific/Efate,tzdata93g,1993-11-22,tzdata2026c,2026-07-08,1,1,0,Z,,0,272
Pacific/Enderbury,tzdata93g,1993-11-22,tzdata2026c,2026-07-08,1,1,1,L,Pacific/Kanton,1,272
Pacific/Fakaofo,tzdata93g,1993-11-22,tzdata2026c,2026-07-08,1,1,0,Z,,0,272
Pacific/Fiji,tzdata93g,1993-11-22,tzdata2026c,2026-07-08,1,1,0,Z,,0,272
Pacific/Funafuti,tzdata93g,1993-11-22,tzdata2026c,2026-07-08,1,1,1,L,Pacific/Tarawa,1,272
Pacific/Galapagos,tzdata93g,1993-11-22,tzdata2026c,2026-07-08,1,1,0,Z,,0,272
Pacific/Gambier,tzdata93g,1993-11-22,tzdata2026c,2026-07-08,1,1,0,Z,,0,272
Pacific/Guadalcanal,tzdata93g,1993-11-22,tzdata2026c,2026-07-08,1,1,0,Z,,0,272
Pacific/Guam,tzdata93g,1993-11-22,tzdata2026c,2026-07-08,1,1,0,Z,,0,272
Pacific/Honolulu,tzdata93g,1993-11-22,tzdata2026c,2026-07-08,1,1,0,Z,,0,272
Pacific/Johnston,tzdata95m,1995-12-21,tzdata2026c,2026-07-08,1,1,1,L,Pacific/Honolulu,1,255
Pacific/Kanton,tzdata2021b,2021-09-24,tzdata2026c,2026-07-08,1,1,0,Z,,0,23
Pacific/Kiritimati,tzdata93g,1993-11-22,tzdata2026c,2026-07-08,1,1,0,Z,,0,272
Pacific/Kosrae,tzdata95k,1995-10-30,tzdata2026c,2026-07-08,1,1,0,Z,,0,257
Pacific/Kwajalein,tzdata93g,1993-11-22,tzdata2026c,2026-07-08,1,1,0,Z,,0,272
Pacific/Majuro,tzdata93g,1993-11-22,tzdata2026c,2026-07-08,1,1,1,L,Pacific/Tarawa,1,272
Pacific/Marquesas,tzdata93g,1993-11-22,tzdata2026c,2026-07-08,1,1,0,Z,,0,272
Pacific/Midway,tzdata93g,1993-11-22,tzdata2026c,2026-07-08,1,1,1,L,Pacific/Pago_Pago,1,272
Pacific/Nauru,tzdata93g,1993-11-22,tzdata2026c,2026-07-08,1,1,0,Z,,0,272
Pacific/Niue,tzdata93g,1993-11-22,tzdata2026c,2026-07-08,1,1,0,Z,,0,272
Pacific/Norfolk,tzdata93g,1993-11-22,tzdata2026c,2026-07-08,1,1,0,Z,,0,272
Pacific/Noumea,tzdata93g,1993-11-22,tzdata2026c,2026-07-08,1,1,0,Z,,0,272
Pacific/Pago_Pago,tzdata95k,1995-10-30,tzdata2026c,2026-07-08,1,1,0,Z,,0,257
Pacific/Palau,tzdata94h,1994-12-10,tzdata2026c,2026-07-08,1,1,0,Z,,0,266
Pacific/Pitcairn,tzdata93g,1993-11-22,tzdata2026c,2026-07-08,1,1,0,Z,,0,272
Pacific/Pohnpei,tzdata2010k,2010-07-26,tzdata2026c,2026-07-08,1,1,1,L,Pacific/Guadalcanal,1,110
Pacific/Ponape,tzdata93g,1993-11-22,tzdata2026c,2026-07-08,1,1,1,L,Pacific/Guadalcanal,1,272
Pacific/Port_Moresby,tzdata93g,1993-11-22,tzdata2026c,2026-07-08,1,1,0,Z,,0,272
Pacific/Rarotonga,tzdata93g,1993-11-22,tzdata2026c,2026-07-08,1,1,0,Z,,0,272
Pacific/Saipan,tzdata95k,1995-10-30,tzdata2026c,2026-07-08,1,1,1,L,Pacific/Guam,1,257
Pacific/Samoa,tzdata93g,1993-11-22,tzdata2026c,2026-07-08,1,1,1,L,Pacific/Pago_Pago,1,272
Pacific/Tahiti,tzdata93g,1993-11-22,tzdata2026c,2026-07-08,1,1,0,Z,,0,272
Pacific/Tarawa,tzdata93g,1993-11-22,tzdata2026c,2026-07-08,1,1,0,Z,,0,272
Pacific/Tongatapu,tzdata93g,1993-11-22,tzdata2026c,2026-07-08,1,1,0,Z,,0,272
Pacific/Truk,tzdata93g,1993-11-22,tzdata2026c,2026-07-08,1,1,1,L,Pacific/Port_Moresby,1,272
Pacific/Wake,tzdata93g,1993-11-22,tzdata2026c,2026-07-08,1,1,1,L,Pacific/Tarawa,1,272
Pacific/Wallis,tzdata93g,1993-11-22,tzdata2026c,2026-07-08,1,1,1,L,Pacific/Tarawa,1,272
Pacific/Yap,tzdata93g,1993-11-22,tzdata2026c,2026-07-08,1,1,1,L,Pacific/Port_Moresby,1,272
Poland,tzdata93g,1993-11-22,tzdata2026c,2026-07-08,1,0,1,L,Europe/Warsaw,0,272
Portugal,tzdata93g,1993-11-22,tzdata2026c,2026-07-08,1,0,1,L,Europe/Lisbon,0,272
ROC,tzdata93g,1993-11-22,tzdata2026c,2026-07-08,1,0,1,L,Asia/Taipei,0,272
ROK,tzdata93g,1993-11-22,tzdata2026c,2026-07-08,1,0,1,L,Asia/Seoul,0,272
Singapore,tzdata93g,1993-11-22,tzdata2026c,2026-07-08,1,0,1,L,Asia/Singapore,0,272
Turkey,tzdata93g,1993-11-22,tzdata2026c,2026-07-08,1,0,1,L,Europe/Istanbul,0,272
UCT,tzdata93g,1993-11-22,tzdata2026c,2026-07-08,1,0,1,L,Etc/UTC,0,272
US/Alaska,tzdata93g,1993-11-22,tzdata2026c,2026-07-08,1,0,1,L,America/Anchorage,0,272
US/Aleutian,tzdata93g,1993-11-22,tzdata2026c,2026-07-08,1,0,1,L,America/Adak,0,272
US/Arizona,tzdata93g,1993-11-22,tzdata2026c,2026-07-08,1,0,1,L,America/Phoenix,0,272
US/Central,tzdata93g,1993-11-22,tzdata2026c,2026-07-08,1,0,1,L,America/Chicago,0,272
US/East-Indiana,tzdata93g,1993-11-22,tzdata2026c,2026-07-08,1,0,1,L,America/Indiana/Indianapolis,0,272
US/Eastern,tzdata93g,1993-11-22,tzdata2026c,2026-07-08,1,0,1,L,America/New_York,0,272
US/Hawaii,tzdata93g,1993-11-22,tzdata2026c,2026-07-08,1,0,1,L,Pacific/Honolulu,0,272
US/Indiana-Starke,tzdata93g,1993-11-22,tzdata2026c,2026-07-08,1,0,1,L,America/Indiana/Knox,0,272
US/Michigan,tzdata93g,1993-11-22,tzdata2026c,2026-07-08,1,0,1,L,America/Detroit,0,272
US/Mountain,tzdata93g,1993-11-22,tzdata2026c,2026-07-08,1,0,1,L,America/Denver,0,272
US/Pacific,tzdata93g,1993-11-22,tzdata2026c,2026-07-08,1,0,1,L,America/Los_Angeles,0,272
US/Samoa,tzdata93g,1993-11-22,tzdata2026c,2026-07-08,1,0,1,L,Pacific/Pago_Pago,0,272
UTC,tzdata93g,1993-11-22,tzdata2026c,2026-07-08,1,0,1,L,Etc/UTC,0,272
Universal,tzdata93g,1993-11-22,tzdata2026c,2026-07-08,1,0,1,L,Etc/UTC,0,272
W-SU,tzdata93g,1993-11-22,tzdata2026c,2026-07-08,1,1,1,L,Europe/Moscow,1,272
WET,tzdata93g,1993-11-22,tzdata2026c,2026-07-08,1,1,1,L,Europe/Lisbon,1,272
Zulu,tzdata93g,1993-11-22,tzdata2026c,2026-07-08,1,0,1,L,Etc/UTC,0,272
