release,date,zones,links,backzone,added,removed,demoted,promoted
tzdata93g,1993-11-22,315,94,0,0,0,0,0
tzdata94a,1994-02-03,315,94,0,0,0,0,0
tzdata94b,1994-02-07,317,94,0,3,1,0,0
tzdata94d,1994-02-24,317,89,0,34,39,1,0
tzdata94e,1994-06-04,319,89,0,2,0,0,0
tzdata94f,1994-08-20,320,89,0,2,1,0,0
tzdata94h,1994-12-10,321,89,0,4,3,0,0
tzdata95b,1995-02-21,321,92,0,3,0,0,0
tzdata95c,1995-07-02,319,93,0,1,2,1,0
tzdata95d,1995-07-03,320,93,0,2,1,0,0
tzdata95e,1995-07-08,320,93,0,0,0,0,0
tzdata95f,1995-08-29,320,93,0,0,0,0,0
tzdata95g,1995-09-01,320,93,0,0,0,0,0
tzdata95h,1995-09-21,320,93,0,0,0,0,0
tzdata95i,1995-09-26,320,93,0,0,0,0,0
tzdata95k,1995-10-30,325,95,0,7,0,2,0
tzdata95l,1995-12-19,325,95,0,0,0,0,0
tzdata95m,1995-12-21,337,100,0,17,0,4,0
tzdata96a,1996-01-06,337,100,0,0,0,0,0
tzdata96b,1996-01-27,337,101,0,1,0,1,0
tzdata96c,1996-02-12,337,101,0,0,0,0,0
tzdata96d,1996-03-19,338,101,0,1,0,0,0
tzdata96e,1996-03-19,338,101,0,0,0,0,0
tzdata96h,1996-05-09,339,101,0,2,1,0,0
tzdata96i,1996-07-01,351,101,0,12,0,0,0
tzdata96k,1996-09-08,359,102,0,10,1,0,1
tzdata1996l,1996-11-05,359,102,0,0,0,0,0
tzdata1996n,1996-12-28,374,100,0,15,2,0,2
tzdata1997a,1997-01-21,376,100,0,2,0,0,0
tzdata1997b,1997-02-27,376,100,0,0,0,0,0
tzdata1997c,1997-03-04,376,100,0,0,0,0,0
tzdata1997d,1997-03-07,376,100,0,0,0,0,0
tzdata1997e,1997-03-29,376,100,0,0,0,0,0
tzdata1997f,1997-05-03,376,100,0,0,0,0,0
tzdata1997g,1997-07-19,376,100,0,0,0,0,0
tzdata1997h,1997-09-04,376,100,0,0,0,0,0
tzdata1997i,1997-10-07,376,100,0,0,0,0,0
tzdata1997j,1997-12-18,376,100,0,0,0,0,0
tzdata1997k,1997-12-29,372,104,0,0,0,4,0
tzdata1998a,1998-01-13,372,104,0,0,0,0,0
tzdata1998b,1998-01-17,372,104,0,0,0,0,0
tzdata1998c,1998-02-28,372,104,0,0,0,0,0
tzdata1998d,1998-05-14,372,104,0,0,0,0,0
tzdata1998e,1998-05-28,373,104,0,1,0,0,0
tzdata1998h,1998-09-24,376,104,0,4,1,0,0
tzdata1998i,1998-10-01,376,104,0,0,0,0,0
tzdata1999a,1999-01-19,376,104,0,0,0,0,0
tzdata1999b,1999-02-01,378,104,0,3,1,0,0
tzdata1999c,1999-03-25,379,104,0,1,0,0,0
tzdata1999d,1999-03-30,379,104,0,0,0,0,0
tzdata1999e,1999-08-17,379,104,0,0,0,0,0
tzdata1999f,1999-09-23,380,104,0,1,0,0,0
tzdata1999g,1999-09-28,380,104,0,0,0,0,0
tzdata1999h,1999-10-07,380,104,0,0,0,0,0
tzdata1999i,1999-11-08,381,105,0,2,0,1,0
tzdata1999j,1999-11-13,384,105,0,3,0,0,0
tzdata2000a,2000-01-18,386,107,0,4,0,1,0
tzdata2000b,2000-02-21,386,107,0,0,0,0,0
tzdata2000c,2000-03-04,386,107,0,0,0,0,0
tzdata2000d,2000-03-14,386,107,0,0,0,0,0
tzdata2000e,2000-07-31,388,107,0,2,0,0,0
tzdata2000f,2000-08-10,388,107,0,0,0,0,0
tzdata2000g,2000-10-10,389,111,0,5,0,2,0
tzdata2000h,2000-12-14,391,112,0,3,0,1,0
tzdata2001a,2001-03-13,391,114,0,2,0,2,0
tzdata2001b,2001-04-05,391,114,0,0,0,0,0
tzdata2001c,2001-06-05,391,115,0,1,0,1,0
tzdata2001d,2001-10-09,395,116,0,5,0,1,0
tzdata2002b,2002-01-28,397,117,0,3,0,1,0
tzdata2002c,2002-04-04,396,119,0,1,0,2,0
tzdata2002d,2002-10-15,396,119,0,0,0,0,0
tzdata2003a,2003-03-24,397,119,0,1,0,0,0
tzdata2003b,2003-09-16,397,119,0,0,0,0,0
tzdata2003c,2003-09-16,397,119,0,0,0,0,0
tzdata2003d,2003-10-06,400,119,0,3,0,0,0
tzdata2003e,2003-12-15,400,119,0,0,0,0,0
tzdata2004a,2004-05-27,400,119,0,0,0,0,0
tzdata2004b,2004-07-19,406,125,0,12,0,5,0
tzdata2004d,2004-09-22,406,125,0,0,0,0,0
tzdata2004e,2004-10-11,406,125,0,0,0,0,0
tzdata2004g,2004-11-02,406,125,0,0,0,0,0
tzdata2005a,2004-12-14,406,125,0,0,0,0,0
tzdata2005b,2005-01-10,406,125,0,0,0,0,0
tzdata2005c,2005-01-17,406,125,0,0,0,0,0
tzdata2005e,2005-02-07,406,125,0,0,0,0,0
tzdata2005f,2005-03-01,406,125,0,0,0,0,0
tzdata2005g,2005-03-14,406,125,0,0,0,0,0
tzdata2005h,2005-04-04,406,125,0,0,0,0,0
tzdata2005i,2005-04-21,406,125,0,0,0,0,0
tzdata2005j,2005-05-26,406,125,0,0,0,0,0
tzdata2005k,2005-07-14,406,125,0,0,0,0,0
tzdata2005l,2005-08-22,404,129,0,2,0,6,2
tzdata2005m,2005-08-29,404,129,0,0,0,0,0
tzdata2005n,2005-10-03,404,129,0,0,0,0,0
tzdata2005o,2005-11-28,404,129,0,0,0,0,0
tzdata2005p,2005-11-29,404,129,0,0,0,0,0
tzdata2005q,2005-12-12,404,129,0,0,0,0,0
tzdata2005r,2005-12-27,411,122,0,0,0,0,7
tzdata2006a,2006-01-30,414,122,0,3,0,0,0
tzdata2006b,2006-02-20,414,122,0,0,0,0,0
tzdata2006c,2006-04-03,415,122,0,1,0,0,0
tzdata2006d,2006-04-17,415,122,0,0,0,0,0
tzdata2006f,2006-05-01,415,122,0,0,0,0,0
tzdata2006g,2006-05-08,415,122,0,0,0,0,0
tzdata2006j,2006-08-21,417,126,0,6,0,1,0
tzdata2006k,2006-08-28,417,126,0,0,0,0,0
tzdata2006l,2006-09-18,417,126,0,0,0,0,0
tzdata2006m,2006-10-02,417,126,0,0,0,0,0
tzdata2006n,2006-10-10,417,127,0,1,0,0,0
tzdata2006o,2006-11-06,417,127,0,0,0,0,0
tzdata2006p,2006-11-27,417,127,0,0,0,0,0
tzdata2007a,2007-01-08,418,129,0,3,0,2,0
tzdata2007b,2007-02-01,418,129,0,0,0,0,0
tzdata2007c,2007-02-26,419,129,0,1,0,0,0
tzdata2007d,2007-03-20,420,129,0,1,0,0,0
tzdata2007e,2007-04-02,420,129,0,0,0,0,0
tzdata2007f,2007-05-07,420,129,0,0,0,0,0
tzdata2007g,2007-08-20,421,129,0,1,0,0,0
tzdata2007h,2007-10-01,421,129,0,0,0,0,0
tzdata2007i,2007-10-30,421,129,0,0,0,0,0
tzdata2007j,2007-12-03,421,131,0,2,0,0,0
tzdata2007k,2007-12-31,421,131,0,0,0,0,0
tzdata2008a,2008-03-05,421,131,0,0,0,0,0
tzdata2008b,2008-03-24,422,133,0,3,0,2,0
tzdata2008c,2008-05-19,422,133,0,0,0,0,0
tzdata2008d,2008-07-07,423,133,0,1,0,0,0
tzdata2008e,2008-07-28,423,133,0,0,0,0,0
tzdata2008f,2008-09-10,423,133,0,0,0,0,0
tzdata2008g,2008-09-29,423,133,0,0,0,0,0
tzdata2008h,2008-10-08,423,133,0,0,0,0,0
tzdata2008i,2008-10-21,424,133,0,1,0,0,0
tzdata2009a,2009-01-21,424,134,0,1,0,1,0
tzdata2009b,2009-01-27,424,134,0,0,0,0,0
tzdata2009c,2009-03-16,424,134,0,0,0,0,0
tzdata2009d,2009-03-23,424,134,0,0,0,0,0
tzdata2009e,2009-04-06,424,134,0,0,0,0,0
tzdata2009f,2009-04-10,424,134,0,0,0,0,0
tzdata2009g,2009-04-20,424,134,0,0,0,0,0
tzdata2009h,2009-05-17,424,134,0,0,0,0,0
tzdata2009i,2009-06-02,424,134,0,0,0,0,0
tzdata2009j,2009-06-15,424,134,0,0,0,0,0
tzdata2009k,2009-07-20,424,134,0,0,0,0,0
tzdata2009l,2009-08-14,424,134,0,0,0,0,0
tzdata2009m,2009-09-03,424,134,0,0,0,0,0
tzdata2009n,2009-09-22,424,134,0,0,0,0,0
tzdata2009o,2009-10-14,424,134,0,0,0,0,0
tzdata2009p,2009-10-23,424,134,0,0,0,0,0
tzdata2009q,2009-10-29,425,134,0,1,0,0,0
tzdata2009r,2009-11-04,425,134,0,0,0,0,0
tzdata2009s,2009-11-14,425,134,0,0,0,0,0
tzdata2009t,2009-12-17,425,134,0,0,0,0,0
tzdata2009u,2009-12-26,425,134,0,0,0,0,0
tzdata2010a,2010-01-18,425,134,0,0,0,0,0
tzdata2010b,2010-01-20,428,134,0,3,0,0,0
tzdata2010c,2010-02-24,428,134,0,0,0,0,0
tzdata2010d,2010-03-06,428,134,0,0,0,0,0
tzdata2010e,2010-03-08,428,134,0,0,0,0,0
tzdata2010f,2010-03-17,429,134,0,1,0,0,0
tzdata2010g,2010-03-24,429,134,0,0,0,0,0
tzdata2010h,2010-04-05,429,134,0,0,0,0,0
tzdata2010i,2010-04-16,429,134,0,0,0,0,0
tzdata2010j,2010-05-10,430,134,0,1,0,0,0
tzdata2010k,2010-07-26,430,136,0,2,0,2,0
tzdata2010l,2010-08-16,430,136,0,0,0,0,0
tzdata2010m,2010-09-27,430,136,0,0,0,0,0
tzdata2010n,2010-10-12,430,136,0,0,0,0,0
tzdata2010o,2010-11-01,430,136,0,0,0,0,0
tzdata2011a,2011-01-20,430,136,0,0,0,0,0
tzdata2011b,2011-01-26,431,136,0,1,0,0,0
tzdata2011c,2011-03-02,433,136,0,2,0,0,0
tzdata2011d,2011-03-11,433,136,0,0,0,0,0
tzdata2011e,2011-03-31,433,136,0,0,0,0,0
tzdata2011f,2011-04-06,433,136,0,0,0,0,0
tzdata2011g,2011-04-20,433,136,0,0,0,0,0
tzdata2011h,2011-06-15,433,138,0,2,0,0,0
tzdata2011i,2011-08-17,434,138,0,1,0,0,0
tzdata2011j,2011-09-12,434,138,0,0,0,0,0
tzdata2011k,2011-09-20,435,138,0,1,0,0,0
tzdata2011l,2011-10-10,435,138,0,0,0,0,0
tzdata2011m,2011-10-24,436,137,0,0,0,0,1
tzdata2011n,2011-10-30,435,138,0,0,0,1,0
tzdata2012a,2012-03-01,436,138,0,1,0,0,0
tzdata2012b,2012-03-02,436,138,0,0,0,0,0
tzdata2012c,2012-03-27,436,138,0,0,0,0,0
tzdata2012d,2012-07-19,436,138,0,0,0,0,0
tzdata2012e,2012-07-25,436,138,0,0,0,0,0
tzdata2012f,2012-08-31,436,138,0,0,0,0,0
tzdata2012g,2012-10-18,436,138,0,0,0,0,0
tzdata2012h,2012-10-27,436,138,0,0,0,0,0
tzdata2012i,2012-11-03,436,138,0,0,0,0,0
tzdata2012j,2012-11-13,436,138,0,0,0,0,0
tzdata2013a,2013-02-27,438,139,0,3,0,0,0
tzdata2013b,2013-03-11,438,139,0,0,0,0,0
tzdata2013c,2013-04-19,438,139,0,0,0,0,0
tzdata2013d,2013-07-05,438,139,0,0,0,0,0
tzdata2013e,2013-09-20,423,154,0,0,0,15,0
tzdata2013f,2013-09-25,423,154,0,0,0,0,0
tzdata2013g,2013-10-01,423,154,0,0,0,0,0
tzdata2013h,2013-10-25,423,154,0,0,0,0,0
tzdata2013i,2013-12-17,423,154,0,0,0,0,0
tzdata2014a,2014-03-08,423,154,0,0,0,0,0
tzdata2014b,2014-03-25,424,154,0,1,0,0,0
tzdata2014c,2014-05-13,424,154,0,0,0,0,0
tzdata2014d,2014-05-28,424,154,0,0,0,0,0
tzdata2014e,2014-06-13,424,154,0,0,0,0,0
tzdata2014f,2014-08-06,413,167,0,2,0,13,0
tzdata2014g,2014-08-28,404,176,53,0,0,9,0
tzdata2014h,2014-09-26,395,185,62,0,0,9,0
tzdata2014i,2014-10-22,394,187,65,1,0,2,0
tzdata2014j,2014-11-11,385,196,74,0,0,9,0
tzdata2015a,2015-01-30,381,200,78,0,0,4,0
tzdata2015b,2015-03-20,377,204,82,0,0,4,0
tzdata2015c,2015-04-11,376,205,83,0,0,1,0
tzdata2015d,2015-04-24,376,205,83,0,0,0,0
tzdata2015e,2015-06-13,377,204,82,0,0,0,1
tzdata2015f,2015-08-11,377,204,82,0,0,0,0
tzdata2015g,2015-10-01,378,204,82,1,0,0,0
tzdata2016a,2016-01-27,376,206,83,0,0,2,0
tzdata2016b,2016-03-13,379,206,83,3,0,0,0
tzdata2016c,2016-03-23,379,206,83,0,0,0,0
tzdata2016d,2016-04-18,381,206,83,2,0,0,0
tzdata2016e,2016-06-14,381,206,83,0,0,0,0
tzdata2016f,2016-07-05,381,206,83,0,0,0,0
tzdata2016g,2016-09-13,381,207,83,1,0,1,0
tzdata2016h,2016-10-20,381,207,83,0,0,0,0
tzdata2016i,2016-11-02,382,207,83,1,0,0,0
tzdata2016j,2016-11-23,384,207,83,2,0,0,0
tzdata2017a,2017-02-28,385,207,83,1,0,0,0
tzdata2017b,2017-03-17,385,207,83,0,0,0,0
tzdata2017c,2017-10-20,386,205,83,0,1,0,1
tzdata2018a,2018-01-13,387,204,81,0,0,0,1
tzdata2018b,2018-01-18,387,204,81,0,0,0,0
tzdata2018c,2018-01-23,387,204,81,0,0,0,0
tzdata2018d,2018-03-22,387,204,81,0,0,0,0
tzdata2018e,2018-05-02,387,204,81,0,0,0,0
tzdata2018f,2018-10-18,387,204,81,0,0,0,0
tzdata2018g,2018-10-27,387,204,81,0,0,0,0
tzdata2018h,2018-12-24,388,204,81,1,0,0,0
tzdata2018i,2018-12-30,388,204,81,0,0,0,0
tzdata2019a,2019-03-26,387,205,81,0,0,1,0
tzdata2019b,2019-07-01,387,205,81,0,0,0,0
tzdata2019c,2019-09-11,387,205,81,0,0,0,0
tzdata2020a,2020-04-23,387,206,81,1,0,1,0
tzdata2020b,2020-10-07,387,206,81,0,0,0,0
tzdata2020c,2020-10-16,387,206,81,0,0,0,0
tzdata2020d,2020-10-21,387,206,81,0,0,0,0
tzdata2020e,2020-12-22,386,207,82,0,0,1,0
tzdata2020f,2020-12-29,386,207,82,0,0,0,0
tzdata2021a,2021-01-24,386,207,82,0,0,0,0
tzdata2021b,2021-09-24,377,217,92,1,0,10,0
tzdata2021c,2021-10-01,377,217,92,0,0,0,0
tzdata2021d,2021-10-15,377,217,92,0,0,0,0
tzdata2021e,2021-10-22,377,217,92,0,0,0,0
tzdata2022a,2022-03-16,377,217,92,0,0,0,0
tzdata2022b,2022-08-10,356,239,113,1,0,22,0
tzdata2022c,2022-08-16,356,239,113,0,0,0,0
tzdata2022d,2022-09-23,354,241,115,0,0,2,0
tzdata2022e,2022-10-11,354,241,115,0,0,0,0
tzdata2022f,2022-10-29,351,244,118,0,0,3,0
tzdata2022g,2022-11-29,351,245,119,1,0,1,0
tzdata2023a,2023-03-22,350,246,120,0,0,1,0
tzdata2023b,2023-03-24,350,246,120,0,0,0,0
tzdata2023c,2023-03-28,350,246,120,0,0,0,0
tzdata2023d,2023-12-21,351,245,119,0,0,0,1
tzdata2024a,2024-02-01,351,245,119,0,0,0,0
tzdata2024b,2024-09-04,339,257,130,0,0,12,0
tzdata2025a,2025-01-15,339,257,130,0,0,0,0
tzdata2025b,2025-03-22,340,257,130,1,0,0,0
tzdata2025c,2025-12-10,340,257,130,0,0,0,0
tzdata2026a,2026-03-02,340,257,130,0,0,0,0
tzdata2026b,2026-04-23,340,257,130,0,0,0,0
tzdata2026c,2026-07-08,340,257,130,0,0,0,0
